Unnamed: 0,player_name,position,age,yoe,prev_team,prev_aav,contract_type,toi_22_23,goals_22_23,a1_22_23,icf_22_23,ixg_22_23,giveaways_22_23,takeaways_22_23,gar_22_23,war_22_23,spar_22_23,toi_23_24,goals_23_24,a1_23_24,icf_23_24,ixg_23_24,giveaways_23_24,takeaways_23_24,gar_23_24,war_23_24,spar_23_24,toi_24_25,goals_24_25,a1_24_25,icf_24_25,ixg_24_25,giveaways_24_25,takeaways_24_25,gar_24_25,war_24_25,spar_24_25,toi%_22_23,toi%_23_24,toi%_24_25,prev_cap_hit_pct
0,aaron ekblad,D,28.9,9,FLA,7500000.0,UFA,1660.98,14.0,15.0,377.0,15.86,65.0,29.0,1.1,0.2,0.4,1064.0,4.0,6.0,226.0,6.13,26.0,14.0,2.0,0.3,0.6,1149.02,3.0,11.0,253.0,4.98,48.0,19.0,1.2,-0.2,-0.3,6.751951219512195,4.32520325203252,4.670813008130081,9.018036071782843
1,aatu raty,C,22.2,1,VAN,925000.0,RFA,105.17,2.0,0.0,25.0,1.01,5.0,4.0,-0.6,-0.1,-0.2,0.0,0.0,0.0,0.0,0.0,0.0,0.0,0.0,0.0,0.0,199.62,2.0,0.0,22.0,0.72,4.0,1.0,2.5,0.0,0.1,0.427520325203252,0.0,0.8114634146341464,1.1122244488532174
2,adam beckman,LW,23.7,1,NJD,775000.0,RFA,96.22,0.0,0.0,25.0,1.29,0.0,2.0,-1.4,-0.2,-0.4,103.48,0.0,1.0,23.0,0.98,0.0,2.0,-1.8,-0.3,-0.6,0.0,0.0,0.0,0.0,0.0,0.0,0.0,0.0,0.0,0.0,0.3911382113821138,0.420650406504065,0.0,0.9318637274175604
3,adam boqvist,D,24.4,5,FLA,775000.0,RFA,1714.36,10.0,22.0,270.0,7.02,48.0,22.0,8.2,1.4,2.6,1279.84,2.0,10.0,242.0,6.98,32.0,14.0,-7.6,-1.2,-2.4,311.29999999999995,3.0,3.0,71.0,1.65,11.0,4.0,0.6000000000000001,-0.6,-1.0,6.968943089430894,5.20260162601626,1.2654471544715449,0.9318637274175604
4,adam edstrom,C,24.2,1,NYR,846667.0,RFA,0.0,0.0,0.0,0.0,0.0,0.0,0.0,0.0,0.0,0.0,92.52,2.0,0.0,10.0,1.07,4.0,1.0,0.1,0.0,0.0,472.95,5.0,3.0,73.0,7.61,19.0,7.0,1.9,0.3,0.5,0.0,0.3760975609756097,1.922560975609756,1.0180364729050886
5,akito hirose,D,25.8,1,VAN,787500.0,RFA,122.25,0.0,1.0,9.0,0.19,5.0,1.0,-1.7,-0.3,-0.5,0.0,0.0,0.0,0.0,0.0,0.0,0.0,0.0,0.0,0.0,0.0,0.0,0.0,0.0,0.0,0.0,0.0,0.0,0.0,0.0,0.4969512195121951,0.0,0.0,0.9468937875371988
6,alec martinez,D,37.5,14,CHI,4000000.0,UFA,1480.52,3.0,4.0,197.0,3.9,30.0,29.0,12.1,2.1,3.9,1047.43,4.0,5.0,182.0,2.73,25.0,12.0,7.5,1.2,2.4,562.57,4.0,0.0,91.0,1.52,31.0,7.0,-1.9,0.4,0.7,6.018373983739838,4.2578455284552845,2.286869918699187,4.809619238284184
7,alec regula,D,24.4,1,EDM,775000.0,RFA,66.38,0.0,0.0,7.0,0.06,7.0,1.0,-1.6,-0.3,-0.5,0.0,0.0,0.0,0.0,0.0,0.0,0.0,0.0,0.0,0.0,0.0,0.0,0.0,0.0,0.0,0.0,0.0,0.0,0.0,0.0,0.2698373983739837,0.0,0.0,0.9318637274175604
8,alex barre-boulet,C,27.7,3,MTL,775000.0,RFA,0.0,0.0,0.0,0.0,0.0,0.0,0.0,0.0,0.0,0.0,402.8,6.0,2.0,81.0,6.03,9.0,14.0,-4.6,-0.8,-1.5,0.0,0.0,0.0,0.0,0.0,0.0,0.0,0.0,0.0,0.0,0.0,1.63739837398374,0.0,0.9318637274175604
9,alex belzile,RW,33.3,3,NYR,775000.0,UFA,376.15,6.0,3.0,67.0,2.82,13.0,8.0,5.0,0.9,1.6,0.0,0.0,0.0,0.0,0.0,0.0,0.0,0.0,0.0,0.0,0.0,0.0,0.0,0.0,0.0,0.0,0.0,0.0,0.0,0.0,1.5290650406504065,0.0,0.0,0.9318637274175604
10,alex iafallo,,31.1,6,WPG,4000000.0,UFA,961.7,14.0,13.0,218.0,14.41,9.0,28.0,9.2,1.6,3.0,1255.7,11.0,10.0,249.0,17.54,20.0,28.0,6.5,1.1,2.1,722.85,8.0,9.0,129.0,8.24,24.0,20.0,13.2,1.2,2.3,3.9093495934959352,5.104471544715447,2.938414634146341,4.809619238284184
11,alex laferriere,RW,23.2,1,LAK,875000.0,RFA,0.0,0.0,0.0,0.0,0.0,0.0,0.0,0.0,0.0,0.0,1070.8,12.0,7.0,318.0,16.59,26.0,21.0,-3.2,-0.5,-1.0,818.22,14.0,12.0,257.0,15.91,27.0,11.0,10.1,1.4,2.7,0.0,4.352845528455284,3.32609756097561,1.0521042083746652
12,andreas athanasiou,C,30.4,9,CHI,4250000.0,UFA,1296.25,20.0,11.0,337.0,20.42,49.0,58.0,1.7,0.3,0.6,366.73,2.0,4.0,80.0,3.82,7.0,19.0,-0.5,-0.1,-0.2,0.0,0.0,0.0,0.0,0.0,0.0,0.0,-0.6,0.0,0.0,5.269308943089431,1.4907723577235772,0.0,5.110220440676945
13,andreas englund,,29.0,5,LAK,1000000.0,UFA,1138.48,0.0,4.0,144.0,2.3200000000000003,16.0,18.0,0.0,0.0,0.0,4336.92,4.0,8.0,444.0,5.72,88.0,32.0,-12.0,-2.0,-4.0,455.12,4.0,0.0,28.0,0.28,32.0,4.0,-1.5,-0.8,-1.6,4.627967479674798,17.629756097560975,1.850081300813008,1.202404809571046
14,andrei kuzmenko,LW,28.9,1,CGY,5500000.0,UFA,5262.32,152.0,56.0,1100.0,91.28,116.0,128.0,72.0,12.0,23.2,2143.34,44.0,26.0,530.0,37.48,48.0,54.0,30.200000000000003,5.0,9.6,2193.28,16.0,24.0,348.0,19.52,108.0,56.0,10.2,0.4,0.8,21.39154471544716,8.712764227642277,8.915772357723577,6.6132264526407525
15,andrew mangiapane,LW,28.8,7,WAS,5800000.0,UFA,1379.22,17.0,17.0,343.0,26.42,32.0,48.0,7.0,1.2,2.2,1199.65,14.0,17.0,272.0,22.24,29.0,24.0,5.7,0.9,1.8,715.88,11.0,5.0,119.0,11.05,39.0,9.0,2.1,0.3,0.6,5.606585365853658,4.876626016260163,2.910081300813008,6.973947895512065
16,angus crookshank,LW,25.2,1,OTT,775000.0,RFA,0.0,0.0,0.0,0.0,0.0,0.0,0.0,0.0,0.0,0.0,131.47,2.0,0.0,33.0,1.5,3.0,2.0,1.6,0.3,0.5,0.0,0.0,0.0,0.0,0.0,0.0,0.0,1.3,0.0,0.0,0.0,0.5344308943089431,0.0,0.9318637274175604
17,anthony beauvillier,LW,27.6,7,PIT,1250000.0,UFA,1333.5,18.0,14.0,285.0,357.3,612.0,576.0,21.6,3.6,7.199999999999999,9778.2,60.0,72.0,2376.0,134.04,120.0,372.0,-20.4,-3.6,-7.199999999999999,743.0,432.0,72.0,6588.0,429.12,684.0,468.0,10.3,32.4,57.6,97.57317073170732,39.74878048780488,103.97121951219512,1.5030060119638071
18,anthony mantha,RW,30.3,8,CGY,3500000.0,UFA,3810.6,44.0,40.0,812.0,51.96,132.0,92.0,18.8,3.2,6.0,2105.16,46.0,22.0,436.0,29.88,44.0,46.0,35.2,5.8,11.2,722.92,16.0,8.0,140.0,9.76,28.0,12.0,3.1,2.0,3.6,15.490243902439024,8.557560975609757,2.9386991869918697,4.208416833498661
19,anton blidh,LW,29.8,7,NYR,775000.0,UFA,92.12,0.0,0.0,13.0,0.67,0.0,1.0,-1.5,-0.3,-0.5,0.0,0.0,0.0,0.0,0.0,0.0,0.0,0.0,0.0,0.0,0.0,0.0,0.0,0.0,0.0,0.0,0.0,0.0,0.0,0.0,0.3744715447154472,0.0,0.0,0.9318637274175604
20,arshdeep bains,LW,24.0,1,VAN,816667.0,RFA,0.0,0.0,0.0,0.0,0.0,0.0,0.0,0.0,0.0,0.0,94.45,0.0,0.0,10.0,0.52,1.0,1.0,-2.8,-0.5,-0.9,120.3,1.0,0.0,15.0,0.99,4.0,1.0,-2.3,-0.3,-0.6,0.0,0.3839430894308943,0.4890243902439024,0.9819643286179572
21,arthur kaliyev,RW,23.6,3,NYR,825000.0,RFA,654.07,13.0,8.0,227.0,13.49,14.0,8.0,1.9,0.3,0.6,601.92,7.0,7.0,211.0,9.75,15.0,11.0,2.3,0.4,0.7,124.55,3.0,1.0,26.0,1.32,4.0,0.0,1.9,0.3,0.6,2.6588211382113824,2.446829268292683,0.5063008130081301,0.9919839678961128
22,austin watson,LW,33.0,9,DET,775000.0,UFA,767.47,9.0,1.0,139.0,8.1,21.0,19.0,-2.9,-0.5,-0.9,239.73,2.0,1.0,34.0,1.72,0.0,3.0,-0.1,0.0,0.0,0.0,0.0,0.0,0.0,0.0,0.0,0.0,0.5,0.0,0.0,3.1197967479674795,0.9745121951219512,0.0,0.9318637274175604
23,axel jonsson-fjallby,LW,26.9,2,WPG,775000.0,UFA,522.08,6.0,4.0,98.0,4.98,14.0,13.0,2.2,0.4,0.7,210.93,2.0,3.0,55.0,1.9,3.0,3.0,0.7,0.1,0.2,0.0,0.0,0.0,0.0,0.0,0.0,0.0,0.0,0.0,0.0,2.122276422764228,0.8574390243902439,0.0,0.9318637274175604
24,ben harpur,D,30.0,7,NYR,787500.0,UFA,590.68,1.0,0.0,77.0,0.89,23.0,13.0,-2.7,-0.5,-0.9,0.0,0.0,0.0,0.0,0.0,0.0,0.0,0.0,0.0,0.0,0.0,0.0,0.0,0.0,0.0,0.0,0.0,0.0,0.0,0.0,2.4011382113821136,0.0,0.0,0.9468937875371988
25,ben meyers,LW,26.2,2,SEA,775000.0,UFA,1497.2,16.0,0.0,244.0,24.88,12.0,44.0,-0.4,0.0,0.0,465.04,2.0,2.0,68.0,3.04,6.0,6.0,-0.3999999999999999,0.0,0.0,200.92,0.0,0.0,28.0,1.24,4.0,4.0,-1.6,-0.8,-1.6,6.086178861788618,1.8904065040650404,0.8167479674796748,0.9318637274175604
26,benoit-olivier groulx,C,24.9,3,NYR,775000.0,RFA,0.0,0.0,0.0,0.0,0.0,0.0,0.0,0.0,0.0,0.0,548.48,0.0,1.0,82.0,4.12,10.0,10.0,-7.5,-1.2,-2.4,0.0,0.0,0.0,0.0,0.0,0.0,0.0,0.0,0.0,0.0,0.0,2.22959349593496,0.0,0.9318637274175604
27,bowen byram,D,23.6,4,BUF,3850000.0,RFA,3675.48,40.0,32.0,560.0,23.36,80.0,52.0,8.4,1.2,2.8,2970.0,22.0,12.0,410.0,11.72,66.0,40.0,-10.2,-1.7999999999999998,-3.2,5001.8,28.0,32.0,560.0,21.72,196.0,52.0,6.9,5.2,10.0,14.940975609756096,12.073170731707316,20.33252032520325,4.629258516848527
28,brad marchand,,36.7,15,BOS,6125000.0,UFA,1352.98,21.0,31.0,335.0,22.94,84.0,42.0,12.5,2.1,4.0,1566.35,29.0,21.0,390.0,27.76,80.0,48.0,13.9,2.3,4.4,1058.43,20.0,16.0,315.0,25.45,60.0,16.0,1.0,0.6,1.2,5.499918699186992,6.367276422764228,4.302560975609756,7.364729458622656
29,brandon biro,LW,26.8,1,SEA,775000.0,UFA,0.0,0.0,0.0,0.0,0.0,0.0,0.0,0.0,0.0,0.0,54.22,2.0,0.0,4.0,1.23,2.0,0.0,-0.1,0.0,0.0,0.0,0.0,0.0,0.0,0.0,0.0,0.0,0.0,0.0,0.0,0.0,0.2204065040650406,0.0,0.9318637274175604
30,brandon gignac,C,27.2,1,MTL,775000.0,UFA,0.0,0.0,0.0,0.0,0.0,0.0,0.0,0.0,0.0,0.0,81.52,1.0,0.0,9.0,0.98,6.0,3.0,-1.1,-0.2,-0.4,0.0,0.0,0.0,0.0,0.0,0.0,0.0,0.0,0.0,0.0,0.0,0.3313821138211382,0.0,0.9318637274175604
31,brandon tanev,C,33.0,8,SEA,3500000.0,UFA,1166.22,16.0,12.0,192.0,18.76,24.0,33.0,9.5,1.6,3.1,962.78,7.0,6.0,136.0,11.0,13.0,31.0,0.4,0.1,0.1,774.98,9.0,5.0,130.0,9.83,37.0,17.0,-3.9,-0.4,-0.7,4.740731707317073,3.913739837398374,3.150325203252033,4.208416833498661
32,brendan brisson,C,23.2,1,VGK,925000.0,RFA,0.0,0.0,0.0,0.0,0.0,0.0,0.0,0.0,0.0,0.0,185.05,2.0,3.0,47.0,1.99,4.0,5.0,2.7,0.4,0.9,88.8,0.0,0.0,18.0,0.63,1.0,1.0,-0.9,-0.1,-0.3,0.0,0.7522357723577235,0.3609756097560975,1.1122244488532174
33,brendan smith,D,35.9,12,DAL,1000000.0,UFA,933.2,0.0,1.0,128.0,3.51,31.0,25.0,-4.3,-0.7,-1.4,1014.33,5.0,3.0,136.0,3.58,29.0,16.0,7.7,1.3,2.4,305.63,0.0,2.0,55.0,1.37,21.0,5.0,-1.2,-0.1,-0.2,3.7934959349593496,4.12329268292683,1.2423983739837396,1.202404809571046
34,brent burns,,39.8,20,CAR,8000000.0,UFA,1904.08,18.0,25.0,554.0,12.48,52.0,55.0,9.6,1.6,3.1,1763.07,10.0,14.0,537.0,9.85,56.0,35.0,14.5,2.4,4.6,1195.87,4.0,8.0,329.0,5.6,79.0,29.0,0.9,0.1,0.3,7.740162601626016,7.166951219512195,4.861260162601626,9.619238476568368
35,brett leason,RW,25.7,3,ANA,1050000.0,UFA,588.17,6.0,2.0,101.0,6.46,9.0,9.0,-7.7,-1.3,-2.5,884.6,11.0,6.0,173.0,8.15,16.0,20.0,-0.2,0.0,-0.1,613.55,5.0,5.0,128.0,6.79,21.0,7.0,1.4,0.6,1.2,2.390934959349593,3.5959349593495933,2.49410569105691,1.2625250500495984
36,brett seney,LW,28.9,1,CHI,775000.0,UFA,91.9,1.0,0.0,14.0,0.67,0.0,2.0,-0.1,0.0,0.0,0.0,0.0,0.0,0.0,0.0,0.0,0.0,0.0,0.0,0.0,0.0,0.0,0.0,0.0,0.0,0.0,0.0,0.0,0.0,0.0,0.3735772357723577,0.0,0.0,0.9318637274175604
37,brian dumoulin,D,33.3,10,ANA,3150000.0,UFA,3385.1,2.0,26.0,378.0,7.32,80.0,72.0,4.2,0.8,1.4,2722.5,12.0,8.0,372.0,6.24,50.0,36.0,12.2,2.0,3.8,2140.74,2.0,8.0,238.0,4.6,74.0,34.0,0.6,0.2,0.4,13.760569105691056,11.067073170731708,8.702195121951219,3.787575150148794
38,brock boeser,,27.9,7,VAN,6650000.0,UFA,1275.85,18.0,19.0,309.0,23.41,21.0,23.0,4.2,0.7,1.4,1506.78,40.0,22.0,402.0,35.55,21.0,28.0,9.2,1.5,2.9,850.97,18.0,8.0,210.0,14.82,26.0,14.0,1.7,0.2,0.4,5.1863821138211375,6.125121951219512,3.459227642276423,7.995991983647455
39,brock mcginn,LW,30.9,9,ANA,2750000.0,UFA,1955.1,24.0,6.0,312.0,18.72,38.0,46.0,4.4,0.8,1.4,1063.52,4.0,0.0,168.0,11.88,16.0,16.0,2.0,0.4,0.8,1217.68,16.0,8.0,192.0,19.36,32.0,28.0,3.1,2.0,3.6,7.947560975609756,4.323252032520325,4.949918699186992,3.306613226320376
40,brock nelson,,33.2,10,NYI,6000000.0,UFA,1511.72,36.0,24.0,418.0,28.83,40.0,48.0,17.9,3.0,5.8,1482.85,34.0,23.0,419.0,29.55,45.0,39.0,11.3,1.9,3.6,1054.63,17.0,12.0,261.0,17.97,29.0,25.0,9.3,0.9,1.8,6.145203252032521,6.027845528455284,4.287113821138211,7.214428857426275
41,cale fleury,D,26.2,3,SEA,800000.0,RFA,159.7,0.0,0.0,29.0,0.71,9.0,3.0,-1.5,-0.3,-0.5,0.0,0.0,0.0,0.0,0.0,0.0,0.0,0.0,0.0,0.0,86.28,0.0,0.0,18.0,0.31,4.0,2.0,2.4,0.3,0.6,0.6491869918699186,0.0,0.3507317073170732,0.9619238476568368
42,caleb jones,D,27.6,5,LAK,775000.0,UFA,1402.05,4.0,6.0,197.0,6.03,49.0,29.0,2.2,0.4,0.7,305.2,0.0,3.0,39.0,1.31,7.0,6.0,1.0,0.2,0.3,64.05,0.0,0.0,15.0,0.1,2.0,1.0,-0.7,-0.2,-0.3,5.699390243902439,1.240650406504065,0.2603658536585365,0.9318637274175604
43,calle rosen,D,30.9,5,COL,775000.0,UFA,764.42,8.0,4.0,115.0,2.8,25.0,10.0,10.5,1.8,3.4,75.98,0.0,0.0,11.0,0.16,6.0,0.0,-2.2,-0.4,-0.7,0.0,0.0,0.0,0.0,0.0,0.0,0.0,0.0,0.0,0.0,3.1073983739837394,0.3088617886178862,0.0,0.9318637274175604
44,calvin de haan,D,33.7,11,COL,800000.0,UFA,717.27,2.0,4.0,153.0,2.97,17.0,15.0,3.7,0.6,1.2,980.65,3.0,3.0,163.0,2.11,23.0,11.0,1.0,0.2,0.3,598.15,0.0,4.0,120.0,1.53,31.0,4.0,1.6,0.4,0.8,2.915731707317073,3.986382113821138,2.43150406504065,0.9619238476568368
45,carson meyer,RW,27.4,1,ANA,775000.0,UFA,136.08,0.0,1.0,32.0,1.85,0.0,3.0,0.3,0.1,0.1,127.7,1.0,1.0,23.0,1.79,2.0,4.0,-0.7,-0.1,-0.2,0.0,0.0,0.0,0.0,0.0,0.0,0.0,0.0,0.0,0.0,0.5531707317073171,0.5191056910569105,0.0,0.9318637274175604
46,chad ruhwedel,D,34.7,11,NYR,775000.0,UFA,2738.88,4.0,4.0,388.0,6.16,40.0,56.0,-4.4,-0.8,-1.2,1320.84,2.0,2.0,198.0,1.8,12.0,26.0,6.4,1.2,2.2,282.08,0.0,4.0,28.0,0.32,16.0,4.0,-0.1,0.0,0.0,11.133658536585369,5.369268292682927,1.1466666666666667,0.9318637274175604
47,chris wagner,C,33.7,10,COL,775000.0,UFA,0.0,0.0,0.0,0.0,0.0,0.0,0.0,0.0,0.0,0.0,96.9,1.0,1.0,22.0,0.77,2.0,1.0,-0.3,0.0,-0.1,165.82,1.0,0.0,43.0,2.12,4.0,1.0,-3.4,-0.5,-0.9,0.0,0.3939024390243902,0.6740650406504065,0.9318637274175604
48,christian dvorak,C,28.9,7,MTL,4450000.0,UFA,1079.08,10.0,6.0,144.0,13.79,34.0,20.0,-6.2,-1.1,-2.0,465.93,5.0,3.0,63.0,4.46,14.0,12.0,-3.0,-0.5,-1.0,829.72,6.0,9.0,150.0,11.3,42.0,14.0,3.9,0.1,0.1,4.38650406504065,1.8940243902439025,3.3728455284552843,5.350701402591154
49,christian fischer,C,27.8,8,DET,1125000.0,UFA,1187.58,13.0,11.0,203.0,13.11,32.0,19.0,-1.0,-0.2,-0.3,901.13,5.0,8.0,139.0,9.78,21.0,11.0,3.0,0.5,1.0,465.5,1.0,3.0,60.0,3.1,12.0,4.0,-5.3,-0.6,-1.2,4.827560975609756,3.663130081300813,1.892276422764228,1.3527054107674266
50,christian wolanin,,29.8,3,VAN,775000.0,UFA,252.1,0.0,1.0,34.0,0.74,5.0,1.0,-1.0,-0.2,-0.3,0.0,0.0,0.0,0.0,0.0,0.0,0.0,0.0,0.0,0.0,0.0,0.0,0.0,0.0,0.0,0.0,0.0,0.0,0.0,0.0,1.0247967479674798,0.0,0.0,0.9318637274175604
51,claude giroux,,37.0,16,OTT,6500000.0,UFA,1541.27,35.0,27.0,357.0,23.54,32.0,52.0,13.8,2.3,4.4,1647.55,21.0,27.0,346.0,19.85,46.0,53.0,5.7,0.9,1.8,1051.57,11.0,16.0,168.0,10.03,51.0,14.0,6.0,1.2,2.3,6.265325203252033,6.697357723577236,4.274674796747967,7.815631262211799
52,cody ceci,D,31.1,11,SJS,3250000.0,UFA,3221.5,2.0,8.0,384.0,8.66,78.0,40.0,-4.8,-0.8,-1.6,3163.56,10.0,14.0,402.0,9.22,40.0,50.0,6.2,1.0,2.0,1259.63,4.0,4.0,148.0,2.3200000000000003,53.0,16.0,-5.1000000000000005,-2.8,-5.4,13.095528455284551,12.86,5.120447154471545,3.9078156311058994
53,cody glass,C,25.8,4,PIT,2500000.0,UFA,1063.23,14.0,10.0,230.0,17.69,23.0,35.0,8.8,1.5,2.8,550.72,6.0,4.0,133.0,10.82,18.0,15.0,-8.6,-1.4,-2.7,583.95,3.0,8.0,124.0,7.08,19.0,9.0,9.8,0.7,1.4,4.322073170731708,2.23869918699187,2.3737804878048783,3.0060120239276147
54,cole guttman,C,25.8,1,CHI,775000.0,RFA,203.85,4.0,2.0,42.0,2.75,11.0,12.0,-0.7,-0.1,-0.2,340.73,4.0,1.0,85.0,4.39,10.0,14.0,-1.6,-0.3,-0.5,0.0,0.0,0.0,0.0,0.0,0.0,0.0,0.0,0.0,0.0,0.8286585365853659,1.385081300813008,0.0,0.9318637274175604
55,cole koepke,LW,26.7,1,BOS,775000.0,UFA,154.72,1.0,0.0,32.0,1.52,6.0,4.0,-1.5,-0.3,-0.5,60.32,0.0,1.0,15.0,1.09,1.0,2.0,1.4,0.2,0.4,511.83,7.0,3.0,102.0,7.68,14.0,6.0,4.9,0.7,1.4,0.6289430894308943,0.2452032520325203,2.080609756097561,0.9318637274175604
56,cole mcward,D,23.6,1,VAN,775000.0,RFA,71.07,1.0,0.0,15.0,0.27,4.0,0.0,-1.1,-0.2,-0.4,0.0,0.0,0.0,0.0,0.0,0.0,0.0,0.0,0.0,0.0,0.0,0.0,0.0,0.0,0.0,0.0,0.0,0.0,0.0,0.0,0.2889024390243902,0.0,0.0,0.9318637274175604
57,colin blackwell,C,31.8,5,DAL,775000.0,UFA,625.45,2.0,7.0,99.0,6.34,15.0,20.0,0.9,0.2,0.3,637.67,8.0,4.0,161.0,8.86,14.0,21.0,-1.6,-0.3,-0.5,560.28,5.0,4.0,103.0,4.87,25.0,12.0,4.6,0.5,0.9,2.5424796747967484,2.592154471544716,2.277560975609756,0.9318637274175604
58,connor brown,RW,31.0,9,EDM,1000000.0,UFA,67.07,0.0,0.0,8.0,0.55,2.0,1.0,-1.1,-0.2,-0.3,908.77,4.0,6.0,194.0,11.5,21.0,46.0,-8.4,-1.4,-2.7,743.0,7.0,5.0,141.0,8.37,37.0,22.0,5.9,0.5,0.9,0.2726422764227642,3.694186991869919,3.0203252032520327,1.202404809571046
59,connor dewar,C,25.5,2,TOR,1180000.0,RFA,3551.68,24.0,24.0,676.0,38.32,40.0,72.0,-3.2,-0.4,-1.2,1724.1999999999998,22.0,10.0,302.0,17.18,12.0,42.0,9.6,1.4,3.2,1173.88,0.0,4.0,208.0,15.56,68.0,12.0,-2.8,-1.6,-3.2,14.437723577235772,7.008943089430893,4.771869918699188,1.418837675293834
60,connor zary,C,23.3,1,CGY,1066667.0,RFA,0.0,0.0,0.0,0.0,0.0,0.0,0.0,0.0,0.0,0.0,962.23,14.0,11.0,175.0,11.93,27.0,16.0,10.0,1.6,3.2,652.1,10.0,5.0,163.0,11.69,27.0,7.0,-2.1,-0.2,-0.4,0.0,3.9115040650406505,2.6508130081300814,1.282565531010719
61,conor timmins,D,26.3,4,TOR,1100000.0,RFA,390.3,2.0,7.0,47.0,0.63,16.0,6.0,6.5,1.1,2.1,400.53,1.0,5.0,66.0,1.35,18.0,11.0,4.6,0.8,1.5,722.67,1.0,3.0,118.0,1.95,39.0,9.0,1.8000000000000005,-0.2,-0.3,1.5865853658536586,1.6281707317073169,2.937682926829268,1.3226452905281505
62,corey perry,RW,39.8,19,EDM,1150000.0,UFA,3746.2,48.0,28.0,776.0,64.72,104.0,120.0,32.0,5.6,10.4,1445.26,24.0,12.0,288.0,27.22,40.0,30.0,13.6,2.4000000000000004,4.4,2508.08,48.0,16.0,512.0,43.08,120.0,40.0,7.3,3.6,6.8,15.228455284552844,5.875040650406504,10.195447154471545,1.3827655310067026
63,corey schueneman,D,29.1,1,STL,775000.0,UFA,102.92,0.0,0.0,13.0,0.21,3.0,2.0,-0.2,0.0,0.0,0.0,0.0,0.0,0.0,0.0,0.0,0.0,0.0,0.0,0.0,56.2,0.0,0.0,9.0,0.11,2.0,0.0,-0.1,0.0,0.0,0.4183739837398374,0.0,0.2284552845528455,0.9318637274175604
64,craig smith,C,35.3,13,CHI,1000000.0,UFA,1406.68,18.0,2.0,356.0,21.94,42.0,44.0,-2.4,-0.3999999999999999,-0.7999999999999998,3065.0,44.0,16.0,864.0,45.64,92.0,88.0,5.6,0.8,2.0,1546.92,28.0,16.0,416.0,18.88,84.0,40.0,0.4,-0.4,-0.8,5.718211382113822,12.459349593495936,6.28829268292683,1.202404809571046
65,curtis lazar,C,29.9,9,NJD,1000000.0,UFA,547.45,3.0,1.0,82.0,6.25,5.0,14.0,-2.5,-0.4,-0.8,879.67,7.0,11.0,129.0,10.17,16.0,18.0,8.9,1.5,2.8,339.1,1.0,2.0,33.0,2.09,6.0,2.0,-4.8,-0.4,-0.8,2.225406504065041,3.5758943089430897,1.3784552845528455,1.202404809571046
66,daemon hunt,D,22.7,1,CBJ,925000.0,RFA,0.0,0.0,0.0,0.0,0.0,0.0,0.0,0.0,0.0,0.0,138.05,0.0,0.0,21.0,0.44,3.0,1.0,-2.9,-0.5,-0.9,0.0,0.0,0.0,0.0,0.0,0.0,0.0,0.0,0.0,0.0,0.0,0.561178861788618,0.0,1.1122244488532174
67,dakota mermis,D,31.0,2,UTA,775000.0,UFA,0.0,0.0,0.0,0.0,0.0,0.0,0.0,0.0,0.0,0.0,662.1,3.0,2.0,121.0,1.68,12.0,7.0,-3.7,-0.6,-1.2,0.0,0.0,0.0,0.0,0.0,0.0,0.0,0.0,0.0,0.0,0.0,2.6914634146341463,0.0,0.9318637274175604
68,daniel sprong,RW,27.8,8,SEA,975000.0,UFA,3014.2,84.0,76.0,1120.0,54.0,84.0,84.0,51.2,8.8,16.4,3648.12,72.0,56.0,1196.0,59.52,104.0,64.0,23.2,3.6,7.2,457.16,4.0,4.0,124.0,4.14,18.0,6.0,1.6,0.0,0.0,12.252845528455284,14.829756097560976,1.8583739837398368,1.1723446893317695
69,dante fabbro,D,26.6,5,NSH,2500000.0,UFA,5513.4,8.0,16.0,816.0,16.2,168.0,76.0,-8.0,-1.2,-2.8,3662.52,12.0,24.0,564.0,9.68,160.0,40.0,15.2,2.4,4.8,1751.24,8.0,2.0,260.0,3.1,118.0,30.0,8.2,0.8,1.2,22.412195121951218,14.88829268292683,7.118861788617886,3.0060120239276147
70,david savard,D,34.2,12,MTL,3500000.0,UFA,1387.78,3.0,6.0,123.0,2.56,61.0,15.0,-10.4,-1.8,-3.3,1214.48,6.0,6.0,118.0,2.2,46.0,12.0,0.7,0.1,0.2,887.95,1.0,3.0,80.0,1.47,36.0,12.0,-8.2,-0.3,-0.5,5.641382113821138,4.936910569105691,3.609552845528456,4.208416833498661
71,declan chisholm,D,25.0,1,MIN,1000000.0,UFA,0.0,0.0,0.0,0.0,0.0,0.0,0.0,0.0,0.0,0.0,489.3,3.0,4.0,68.0,2.14,12.0,5.0,-0.1,0.0,0.0,838.83,2.0,6.0,114.0,1.66,57.0,21.0,5.7,0.7,1.4,0.0,1.9890243902439024,3.409878048780488,1.202404809571046
72,dennis gilbert,D,28.2,5,BUF,825000.0,UFA,270.0,1.0,1.0,36.0,0.36,8.0,3.0,1.7,0.3,0.5,417.63,1.0,0.0,54.0,0.88,10.0,5.0,-1.8,-0.3,-0.6,192.13,0.0,1.0,17.0,0.18,7.0,2.0,0.2,-0.1,-0.2,1.097560975609756,1.697682926829268,0.7810162601626016,0.9919839678961128
73,derek forbort,D,32.8,9,VAN,1500000.0,UFA,956.62,5.0,5.0,103.0,1.78,24.0,14.0,0.6,0.1,0.2,622.78,0.0,1.0,73.0,1.04,11.0,6.0,7.5,1.2,2.4,521.85,0.0,2.0,75.0,0.85,28.0,7.0,1.9,0.1,0.1,3.8886991869918703,2.5316260162601623,2.1213414634146344,1.803607214356569
74,derek ryan,,38.0,9,EDM,900000.0,UFA,893.28,13.0,4.0,150.0,11.73,15.0,43.0,6.7,1.1,2.2,713.53,5.0,5.0,87.0,6.82,19.0,35.0,-0.5,-0.1,-0.2,310.55,1.0,1.0,35.0,1.9,11.0,9.0,-0.3,-0.1,-0.2,3.6312195121951216,2.9005284552845527,1.26239837398374,1.0821643286139413
75,derrick pouliot,D,31.0,8,TBL,775000.0,UFA,135.57,0.0,1.0,14.0,0.19,4.0,4.0,1.1,0.2,0.4,60.7,0.0,0.0,8.0,0.09,0.0,1.0,-1.5,-0.2,-0.5,0.0,0.0,0.0,0.0,0.0,0.0,0.0,0.0,0.0,0.0,0.5510975609756098,0.2467479674796748,0.0,0.9318637274175604
76,devin shore,C,30.5,8,MIN,775000.0,UFA,421.35,1.0,6.0,61.0,4.3,12.0,14.0,-1.8,-0.3,-0.6,168.15,1.0,2.0,38.0,1.53,1.0,5.0,3.7,0.6,1.2,288.02,1.0,0.0,40.0,2.39,12.0,7.0,-3.6,-0.2,-0.4,1.7128048780487806,0.6835365853658537,1.1708130081300812,0.9318637274175604
77,dmitri voronkov,LW,24.3,1,CBJ,925000.0,RFA,0.0,0.0,0.0,0.0,0.0,0.0,0.0,0.0,0.0,0.0,1009.27,18.0,10.0,238.0,23.14,16.0,15.0,4.2,0.7,1.4,823.2,18.0,10.0,169.0,18.77,37.0,7.0,5.9,0.5,1.0,0.0,4.102723577235772,3.3463414634146345,1.1122244488532174
78,dmitry orlov,,33.5,12,CAR,7750000.0,UFA,2975.86,14.0,26.0,476.0,13.04,98.0,60.0,-3.4000000000000004,-0.6,-1.0,5679.28,24.0,24.0,1280.0,31.52,144.0,104.0,41.6,6.8,13.2,4427.0,16.0,36.0,924.0,20.4,272.0,68.0,0.8,4.8,9.2,12.0969918699187,23.08650406504065,17.995934959349594,9.318637274175606
79,dominic toninato,C,30.8,5,WPG,775000.0,UFA,0.0,0.0,0.0,0.0,0.0,0.0,0.0,0.0,0.0,0.0,152.87,1.0,3.0,28.0,1.94,4.0,3.0,2.2,0.4,0.7,0.0,0.0,0.0,0.0,0.0,0.0,0.0,0.0,0.0,0.0,0.0,0.6214227642276423,0.0,0.9318637274175604
80,drew o'connor,LW,26.6,3,PIT,925000.0,UFA,903.04,10.0,6.0,240.0,13.88,36.0,30.0,2.0,0.4,0.6,2487.8,32.0,22.0,536.0,47.32,56.0,74.0,5.4,0.8,1.8,830.66,8.0,5.0,187.0,16.23,40.0,27.0,-5.0,-1.2,-2.2,3.6708943089430894,10.1130081300813,3.3766666666666665,1.1122244488532174
81,dryden hunt,LW,29.2,7,CGY,775000.0,UFA,544.5,4.0,0.0,78.0,5.36,2.0,10.0,-5.8,-1.0,-2.0,1246.48,12.0,16.0,224.0,13.6,32.0,56.0,14.4,2.4,4.4,0.0,0.0,0.0,0.0,0.0,0.0,0.0,0.0,0.0,0.0,2.213414634146342,5.0669918699187,0.0,0.9318637274175604
82,dylan coghlan,D,26.9,3,WPG,775000.0,UFA,216.25,0.0,2.0,66.0,1.66,5.0,2.0,0.0,0.0,0.0,0.0,0.0,0.0,0.0,0.0,0.0,0.0,0.0,0.0,0.0,92.12,0.0,0.0,23.0,0.39,8.0,2.0,-0.8,-0.1,-0.2,0.8790650406504066,0.0,0.3744715447154472,0.9318637274175604
83,dylan gambrell,C,28.4,6,CBJ,775000.0,UFA,683.33,4.0,5.0,87.0,4.73,17.0,14.0,-0.5,-0.1,-0.2,0.0,0.0,0.0,0.0,0.0,0.0,0.0,0.0,0.0,0.0,0.0,0.0,0.0,0.0,0.0,0.0,0.0,0.0,0.0,0.0,2.7777642276422765,0.0,0.0,0.9318637274175604
84,dylan mcilrath,D,32.8,3,WAS,775000.0,UFA,70.07,0.0,0.0,17.0,0.21,2.0,0.0,-1.0,-0.2,-0.3,0.0,0.0,0.0,0.0,0.0,0.0,0.0,0.0,0.0,0.0,119.98,0.0,1.0,16.0,0.13,11.0,3.0,-1.5,0.0,-0.1,0.2848373983739837,0.0,0.4877235772357723,0.9318637274175604
85,dylan samberg,D,26.0,2,WPG,1400000.0,RFA,940.42,2.0,2.0,117.0,1.39,39.0,20.0,4.6,0.8,1.5,1218.8,1.0,10.0,182.0,2.16,36.0,27.0,0.3,0.0,0.1,735.43,4.0,5.0,134.0,1.87,42.0,20.0,17.8,1.8,3.3,3.822845528455284,4.954471544715447,2.989552845528455,1.6833667333994642
86,dysin mayo,D,28.4,1,VGK,950000.0,UFA,175.47,0.0,0.0,14.0,0.46,8.0,2.0,-1.0,-0.2,-0.3,0.0,0.0,0.0,0.0,0.0,0.0,0.0,0.0,0.0,0.0,0.0,0.0,0.0,0.0,0.0,0.0,0.0,0.0,0.0,0.0,0.7132926829268292,0.0,0.0,1.1422845690924937
87,elliot desnoyers,,23.0,1,PHI,875000.0,RFA,53.47,0.0,0.0,7.0,0.26,1.0,2.0,-0.3,0.0,-0.1,0.0,0.0,0.0,0.0,0.0,0.0,0.0,0.0,0.0,0.0,0.0,0.0,0.0,0.0,0.0,0.0,0.0,0.0,0.0,0.0,0.2173577235772357,0.0,0.0,1.0521042083746652
88,emil bemstrom,C,25.6,5,PIT,775000.0,UFA,2663.88,28.0,28.0,724.0,39.2,36.0,64.0,24.0,4.0,7.6,1247.64,16.0,12.0,314.0,17.48,26.0,20.0,6.6,1.2,2.2,0.0,0.0,0.0,0.0,0.0,0.0,0.0,-0.3,0.0,0.0,10.82878048780488,5.07170731707317,0.0,0.9318637274175604
89,eric robinson,LW,29.6,7,CAR,950000.0,UFA,4017.08,48.0,24.0,760.0,55.44,68.0,120.0,-6.0,-1.2,-2.0,1065.28,6.0,10.0,258.0,18.0,8.0,24.0,-7.800000000000001,-1.4,-2.6,2726.88,48.0,36.0,584.0,51.88,108.0,24.0,10.8,6.8,13.2,16.32959349593496,4.33040650406504,11.084878048780489,1.1422845690924937
90,erik brannstrom,D,25.3,5,VAN,900000.0,UFA,1192.4,2.0,6.0,200.0,4.01,48.0,28.0,6.2,1.0,2.0,1260.92,3.0,7.0,175.0,4.63,52.0,22.0,-2.0,-0.3,-0.6,418.17,3.0,3.0,81.0,1.4,26.0,6.0,1.1,0.2,0.3,4.847154471544716,5.125691056910569,1.699878048780488,1.0821643286139413
91,erik johnson,D,36.8,16,PHI,1000000.0,UFA,4348.12,0.0,20.0,728.0,13.44,68.0,64.0,-6.0,-1.2,-2.0,1939.44,10.0,0.0,256.0,3.4,30.0,12.0,-7.8,-1.2,-2.6,1170.8,4.0,0.0,116.0,3.2,72.0,32.0,0.2999999999999998,-0.4,-1.2,17.675284552845525,7.883902439024389,4.7593495934959344,1.202404809571046
92,ethan bear,D,27.6,5,WAS,2062500.0,UFA,1130.22,3.0,6.0,155.0,3.63,28.0,17.0,4.4,0.8,1.4,357.73,1.0,0.0,63.0,1.67,9.0,2.0,-1.6,-0.3,-0.5,0.0,0.0,0.0,0.0,0.0,0.0,0.0,0.0,0.0,0.0,4.594390243902438,1.4541869918699188,0.0,2.479959919740282
93,evan bouchard,D,25.2,5,EDM,3900000.0,RFA,1518.35,8.0,11.0,380.0,8.44,73.0,66.0,14.8,2.5,4.8,1862.77,18.0,25.0,488.0,12.47,82.0,59.0,22.5,3.7,7.2,1299.32,9.0,7.0,381.0,9.15,91.0,32.0,12.2,1.7,3.3,6.172154471544715,7.572235772357723,5.281788617886178,4.689378757327079
94,fabian zetterlund,,25.4,2,SJS,1450000.0,UFA,1776.44,12.0,26.0,446.0,23.54,46.0,42.0,-1.5999999999999996,-0.4000000000000001,-0.3999999999999999,6184.72,96.0,68.0,1708.0,95.4,128.0,172.0,26.0,4.4,8.4,3910.28,60.0,44.0,1008.0,61.8,164.0,80.0,8.700000000000001,5.6,10.4,7.2213008130081295,25.14113821138212,15.895447154471546,1.7434869738780163
95,filip roos,D,26.0,1,OTT,775000.0,RFA,275.77,1.0,0.0,43.0,0.9,10.0,4.0,2.2,0.4,0.7,58.92,0.0,0.0,7.0,0.03,2.0,0.0,-1.8,-0.3,-0.6,0.0,0.0,0.0,0.0,0.0,0.0,0.0,0.0,0.0,0.0,1.1210162601626017,0.2395121951219512,0.0,0.9318637274175604
96,givani smith,RW,26.9,4,COL,800000.0,UFA,232.6,1.0,2.0,54.0,2.57,6.0,6.0,-3.0,-0.5,-1.0,281.13,1.0,3.0,55.0,3.76,8.0,8.0,-2.1,-0.4,-0.7,0.0,0.0,0.0,0.0,0.0,0.0,0.0,0.0,0.0,0.0,0.9455284552845528,1.1428048780487805,0.0,0.9619238476568368
97,grigori denisenko,LW,24.6,1,VGK,775000.0,RFA,178.02,0.0,2.0,28.0,1.74,1.0,1.0,-2.4,-0.4,-0.8,65.08,0.0,0.0,8.0,0.62,0.0,1.0,-1.1,-0.2,-0.4,0.0,0.0,0.0,0.0,0.0,0.0,0.0,0.0,0.0,0.0,0.7236585365853659,0.2645528455284553,0.0,0.9318637274175604
98,guillaume brisebois,D,27.5,4,VAN,775000.0,UFA,281.17,1.0,0.0,24.0,0.58,6.0,1.0,-0.5,-0.1,-0.2,0.0,0.0,0.0,0.0,0.0,0.0,0.0,0.0,0.0,0.0,0.0,0.0,0.0,0.0,0.0,0.0,0.0,0.0,0.0,0.0,1.1429674796747968,0.0,0.0,0.9318637274175604
99,gustav lindstrom,D,26.2,4,MTL,775000.0,RFA,2040.4,4.0,12.0,196.0,4.44,68.0,4.0,-19.2,-3.2,-6.4,1416.72,6.0,10.0,146.0,3.08,32.0,14.0,8.399999999999999,1.4,2.6,0.0,0.0,0.0,0.0,0.0,0.0,0.0,0.0,0.0,0.0,8.294308943089431,5.759024390243903,0.0,0.9318637274175604
100,gustav nyquist,,35.3,11,NSH,3185000.0,UFA,854.57,10.0,8.0,153.0,12.25,19.0,28.0,-3.7,-0.6,-1.2,1437.13,23.0,34.0,271.0,22.05,40.0,37.0,7.1,1.2,2.3,932.67,9.0,5.0,159.0,12.48,47.0,13.0,-4.1,0.1,0.2,3.4738617886178864,5.841991869918699,3.791341463414634,3.829659318483781
101,haydn fleury,D,28.5,6,WPG,775000.0,UFA,370.98,0.0,0.0,70.0,1.95,6.0,3.0,-1.6,-0.3,-0.5,386.97,1.0,2.0,61.0,1.19,15.0,2.0,4.9,0.8,1.6,488.3,0.0,4.0,82.0,0.98,32.0,2.0,-7.4,-0.7,-1.4,1.5080487804878049,1.573048780487805,1.984959349593496,0.9318637274175604
102,hendrix lapierre,C,22.9,1,WAS,1167500.0,RFA,0.0,0.0,0.0,0.0,0.0,0.0,0.0,0.0,0.0,0.0,583.3,8.0,4.0,95.0,5.55,19.0,19.0,4.6,0.7,1.5,264.5,0.0,3.0,37.0,3.43,17.0,5.0,-4.4,-0.7,-1.3,0.0,2.371138211382114,1.0752032520325203,1.403807615174196
103,henri jokiharju,D,25.6,6,BUF,3100000.0,UFA,1261.47,3.0,3.0,153.0,2.49,33.0,20.0,0.4,0.1,0.1,1404.52,3.0,9.0,197.0,3.53,29.0,18.0,4.7,0.8,1.5,641.12,1.0,2.0,115.0,1.15,41.0,8.0,2.3,-0.6,-1.1,5.127926829268293,5.709430894308943,2.6061788617886177,3.727454909670242
104,hudson fasching,RW,29.5,6,NYI,775000.0,UFA,611.57,10.0,7.0,109.0,8.94,12.0,16.0,8.3,1.4,2.7,541.92,4.0,6.0,71.0,5.18,10.0,17.0,1.5,0.2,0.5,169.78,0.0,0.0,27.0,1.26,13.0,5.0,-1.9,-0.4,-0.7,2.486056910569106,2.2029268292682924,0.6901626016260163,0.9318637274175604
105,hunter mckown,C,22.4,1,CBJ,1366667.0,RFA,146.7,0.0,1.0,23.0,1.21,3.0,4.0,-0.8,-0.1,-0.3,0.0,0.0,0.0,0.0,0.0,0.0,0.0,0.0,0.0,0.0,0.0,0.0,0.0,0.0,0.0,0.0,0.0,0.0,0.0,0.0,0.5963414634146341,0.0,0.0,1.6432869738820326
106,ian cole,D,35.9,13,UTA,3100000.0,UFA,1512.2,3.0,7.0,218.0,4.79,45.0,33.0,8.2,1.4,2.6,1457.77,2.0,3.0,161.0,1.72,42.0,18.0,8.4,1.4,2.7,1166.75,1.0,5.0,138.0,3.16,78.0,21.0,-6.5,-0.5,-1.0,6.147154471544716,5.925894308943089,4.742886178861789,3.727454909670242
107,ian mitchell,D,26.0,4,BOS,775000.0,RFA,554.37,1.0,2.0,50.0,0.92,14.0,8.0,-7.8,-1.3,-2.5,199.0,0.0,0.0,21.0,0.39,1.0,0.0,1.4,0.2,0.4,0.0,0.0,0.0,0.0,0.0,0.0,0.0,0.5,0.0,0.0,2.253536585365854,0.8089430894308943,0.0,0.9318637274175604
108,isaak phillips,D,23.3,1,WPG,775000.0,RFA,247.37,1.0,2.0,37.0,0.78,8.0,11.0,-1.1,-0.2,-0.4,563.42,0.0,3.0,84.0,1.77,21.0,14.0,-10.1,-1.7,-3.2,0.0,0.0,0.0,0.0,0.0,0.0,0.0,0.0,0.0,0.0,1.005569105691057,2.2903252032520323,0.0,0.9318637274175604
109,isac lundestrom,C,25.2,6,ANA,1500000.0,UFA,874.37,4.0,6.0,104.0,6.43,13.0,23.0,2.4,0.4,0.8,659.7,5.0,5.0,76.0,7.99,12.0,19.0,3.3,0.5,1.1,719.87,4.0,2.0,74.0,6.27,19.0,13.0,-5.4,0.1,0.2,3.554349593495935,2.681707317073171,2.92630081300813,1.803607214356569
110,ivan provorov,D,28.0,8,CBJ,6750000.0,UFA,1887.87,6.0,9.0,257.0,5.97,85.0,34.0,-3.0,-0.5,-1.0,1817.32,5.0,13.0,239.0,4.76,40.0,22.0,0.1,0.0,0.0,1324.98,6.0,9.0,181.0,4.05,74.0,21.0,3.9,0.9,1.7,7.674268292682925,7.387479674796747,5.386097560975609,8.11623246460456
111,jack johnson,D,38.0,18,CBJ,775000.0,UFA,3177.4,4.0,2.0,346.0,7.0600000000000005,80.0,32.0,-17.8,-3.0,-5.8,4776.72,12.0,32.0,804.0,13.96,80.0,48.0,25.2,4.0,8.0,1736.2,0.0,4.0,172.0,2.6,56.0,28.0,-6.0,-1.2,-2.0,12.916260162601626,19.41756097560976,7.057723577235772,0.9318637274175604
112,jack mcbain,C,25.0,3,UTA,1599999.0,RFA,1146.47,12.0,9.0,151.0,12.31,30.0,26.0,-3.5,-0.6,-1.1,845.83,8.0,13.0,122.0,11.26,16.0,12.0,9.4,1.5,3.0,747.32,11.0,3.0,129.0,9.36,34.0,13.0,2.4,-0.6,-1.1,4.6604471544715445,3.438333333333333,3.037886178861789,1.923846492908864
113,jack quinn,RW,23.3,3,BUF,1775000.0,RFA,1038.53,14.0,12.0,257.0,15.4,30.0,28.0,8.4,1.4,2.7,422.32,9.0,5.0,109.0,8.03,7.0,9.0,1.8,0.3,0.6,718.17,9.0,6.0,185.0,9.13,32.0,8.0,1.9,-0.2,-0.4,4.221666666666667,1.7167479674796748,2.9193902439024386,2.134268536988606
114,jack rathbone,D,25.8,1,BUF,775000.0,RFA,156.58,1.0,0.0,28.0,0.56,6.0,2.0,1.9,0.3,0.6,0.0,0.0,0.0,0.0,0.0,0.0,0.0,0.0,0.0,0.0,0.0,0.0,0.0,0.0,0.0,0.0,0.0,0.0,0.0,0.0,0.6365040650406505,0.0,0.0,0.9318637274175604
115,jack roslovic,C,27.9,8,CAR,2800000.0,UFA,5065.52,44.0,80.0,872.0,50.72,180.0,124.0,2.4,0.4,0.8,1835.42,18.0,24.0,394.0,26.06,34.0,44.0,11.2,1.7999999999999998,3.6,3030.92,76.0,16.0,796.0,52.16,160.0,64.0,1.1,2.0,4.0,20.59154471544716,7.461056910569106,12.32081300813008,3.3667334667989284
116,jack studnicka,C,25.9,4,LAK,775000.0,UFA,2002.12,16.0,4.0,432.0,24.36,24.0,68.0,-31.6,-5.2,-10.4,503.86,2.0,0.0,84.0,4.1,16.0,14.0,-7.6,-1.2,-2.6,0.0,0.0,0.0,0.0,0.0,0.0,0.0,0.0,0.0,0.0,8.13869918699187,2.048211382113821,0.0,0.9318637274175604
117,jacob bernard-docker,D,24.5,1,OTT,805000.0,RFA,304.32,0.0,0.0,47.0,1.06,6.0,2.0,-1.2,-0.2,-0.4,1129.93,4.0,7.0,136.0,1.67,39.0,12.0,-0.3,-0.1,-0.1,327.65,1.0,1.0,55.0,0.64,9.0,1.0,5.699999999999999,0.7,1.2,1.2370731707317073,4.593211382113822,1.331910569105691,0.967935871704692
118,jacob bryson,D,27.2,4,BUF,900000.0,UFA,861.12,1.0,4.0,58.0,0.86,8.0,13.0,-4.4,-0.7,-1.4,528.37,1.0,4.0,34.0,0.39,7.0,4.0,1.5,0.2,0.5,460.43,0.0,3.0,39.0,0.72,24.0,4.0,-1.6,0.3,0.6,3.500487804878049,2.1478455284552846,1.8716666666666664,1.0821643286139413
119,jake evans,,28.6,4,MTL,1700000.0,UFA,782.47,2.0,13.0,107.0,5.95,29.0,19.0,4.5,0.8,1.5,1313.5,7.0,11.0,174.0,10.25,30.0,27.0,-2.6,-0.4,-0.8,870.07,11.0,12.0,122.0,10.31,43.0,8.0,4.1,0.9,1.7,3.1807723577235776,5.339430894308943,3.536869918699187,2.044088176270778
120,jake leschyshyn,C,25.8,1,NYR,766667.0,RFA,639.0,0.0,0.0,92.0,7.619999999999999,8.0,8.0,-12.2,-2.0,-3.8,0.0,0.0,0.0,0.0,0.0,0.0,0.0,0.0,0.0,0.0,0.0,0.0,0.0,0.0,0.0,0.0,0.0,0.0,0.0,0.0,2.597560975609756,0.0,0.0,0.9218440881394052
121,jake livingstone,D,25.8,1,NSH,775000.0,RFA,77.25,0.0,0.0,9.0,0.18,3.0,0.0,-1.7,-0.3,-0.5,0.0,0.0,0.0,0.0,0.0,0.0,0.0,0.0,0.0,0.0,0.0,0.0,0.0,0.0,0.0,0.0,0.0,0.0,0.0,0.0,0.3140243902439024,0.0,0.0,0.9318637274175604
122,jakob chychrun,D,26.8,7,WAS,4600000.0,UFA,2179.56,18.0,14.0,562.0,20.62,92.0,36.0,8.600000000000001,1.4000000000000004,2.8000000000000007,7343.88,56.0,44.0,1940.0,55.0,292.0,88.0,35.6,6.0,11.2,4199.68,56.0,48.0,1176.0,31.56,232.0,88.0,8.2,3.6,7.2,8.86,29.85317073170732,17.071869918699186,5.5310621240268105
123,jakob pelletier,LW,23.8,2,CGY,800000.0,RFA,340.43,3.0,2.0,84.0,6.27,10.0,12.0,-1.9,-0.3,-0.6,120.52,1.0,0.0,18.0,0.78,3.0,5.0,0.5,0.1,0.2,303.33,4.0,3.0,52.0,2.69,15.0,6.0,4.4,0.4,0.8,1.383861788617886,0.4899186991869918,1.233048780487805,0.9619238476568368
124,jakub lauko,C,24.8,2,MIN,787500.0,RFA,203.83,4.0,3.0,33.0,2.09,6.0,7.0,4.0,0.7,1.3,589.25,2.0,6.0,97.0,6.24,8.0,14.0,-0.4,-0.1,-0.1,328.0,2.0,2.0,52.0,3.08,14.0,4.0,-2.4000000000000004,-0.2,-0.5,0.8285772357723579,2.395325203252032,1.3333333333333337,0.9468937875371988
125,jakub vrana,LW,28.9,7,WAS,775000.0,UFA,727.5,22.0,8.0,214.0,14.72,18.0,18.0,-2.2,-0.3999999999999999,-0.7999999999999999,1018.6,8.0,8.0,264.0,13.64,12.0,16.0,-18.0,-2.8,-5.6,985.08,28.0,8.0,216.0,11.4,60.0,20.0,-2.3,1.2,2.4,2.957317073170732,4.140650406504065,4.00439024390244,0.9318637274175604
126,james van riemsdyk,LW,35.7,15,CBJ,900000.0,UFA,936.58,12.0,8.0,196.0,16.61,10.0,24.0,6.5,1.1,2.1,958.93,11.0,16.0,222.0,22.76,14.0,11.0,0.2,0.0,0.1,615.03,11.0,9.0,100.0,9.69,28.0,4.0,7.7,1.0,1.9,3.807235772357724,3.898089430894309,2.500121951219512,1.0821643286139413
127,jamie benn,,35.5,15,DAL,9500000.0,UFA,1294.25,33.0,22.0,330.0,26.82,48.0,55.0,17.5,3.0,5.7,1239.83,21.0,21.0,296.0,23.6,33.0,49.0,8.0,1.3,2.6,867.78,14.0,13.0,188.0,15.02,37.0,8.0,2.7,0.2,0.3,5.261178861788618,5.039959349593496,3.527560975609756,11.422845690924936
128,jan rutta,D,34.4,6,SJS,2750000.0,UFA,958.73,3.0,0.0,140.0,1.78,21.0,13.0,3.0,0.5,1.0,1360.72,5.0,6.0,202.0,3.01,16.0,14.0,-4.4,-0.7,-1.4,864.92,2.0,2.0,141.0,1.69,52.0,11.0,-1.4,-0.4,-0.7,3.897276422764228,5.531382113821139,3.515934959349593,3.306613226320376
129,jani hakanpaa,D,32.8,5,TOR,1470000.0,UFA,1585.13,6.0,5.0,211.0,3.99,51.0,13.0,4.0,0.7,1.3,1193.37,2.0,5.0,146.0,1.58,31.0,13.0,6.1,1.0,1.9,0.0,0.0,0.0,0.0,0.0,0.0,0.0,0.0,0.0,0.0,6.443617886178862,4.851097560975609,0.0,1.7675350700694374
130,jarred tinordi,D,32.9,9,CGY,800000.0,UFA,724.13,2.0,2.0,78.0,1.18,20.0,11.0,1.3,0.2,0.4,813.58,0.0,6.0,78.0,0.66,23.0,4.0,-5.5,-0.9,-1.7,0.0,0.0,0.0,0.0,0.0,0.0,0.0,0.0,0.0,0.0,2.9436178861788616,3.3072357723577235,0.0,0.9619238476568368
131,jason polin,RW,25.6,1,COL,775000.0,RFA,0.0,0.0,0.0,0.0,0.0,0.0,0.0,0.0,0.0,0.0,51.97,1.0,0.0,8.0,0.36,0.0,0.0,0.3,0.0,0.1,0.0,0.0,0.0,0.0,0.0,0.0,0.0,0.0,0.0,0.0,0.0,0.211260162601626,0.0,0.9318637274175604
132,jason zucker,LW,33.0,13,BUF,5000000.0,UFA,4884.68,108.0,36.0,1352.0,118.88,156.0,140.0,37.2,6.4,12.0,1907.7,28.0,22.0,552.0,37.46,74.0,52.0,6.0,1.0,1.8000000000000005,3364.68,72.0,76.0,764.0,63.24,208.0,64.0,6.7,3.6,6.8,19.856422764227645,7.754878048780488,13.677560975609756,6.012024047855229
133,jaycob megna,D,32.1,5,FLA,775000.0,UFA,2037.58,2.0,12.0,252.0,4.66,52.0,28.0,11.799999999999995,2.0,3.8,3084.08,0.0,0.0,284.0,3.48,108.0,48.0,-6.4,-1.2,-2.0,0.0,0.0,0.0,0.0,0.0,0.0,0.0,-0.9,0.0,0.0,8.282845528455285,12.536910569105691,0.0,0.9318637274175604
134,jayden struble,D,23.4,1,MTL,925000.0,RFA,0.0,0.0,0.0,0.0,0.0,0.0,0.0,0.0,0.0,0.0,902.27,3.0,3.0,126.0,2.13,34.0,22.0,-5.1,-0.8,-1.6,432.77,2.0,0.0,72.0,0.81,27.0,12.0,5.6,-0.6,-1.1,0.0,3.667764227642276,1.7592276422764226,1.1122244488532174
135,jean-luc foudy,C,22.7,2,COL,925000.0,RFA,90.3,0.0,0.0,15.0,1.27,5.0,3.0,-0.8,-0.1,-0.3,0.0,0.0,0.0,0.0,0.0,0.0,0.0,0.0,0.0,0.0,0.0,0.0,0.0,0.0,0.0,0.0,0.0,0.0,0.0,0.0,0.3670731707317073,0.0,0.0,1.1122244488532174
136,jeff petry,D,37.1,14,DET,6250000.0,UFA,1362.93,5.0,8.0,253.0,5.58,36.0,23.0,5.5,0.9,1.8,1372.05,3.0,8.0,198.0,4.06,40.0,10.0,4.2,0.7,1.3,652.65,2.0,3.0,85.0,1.48,40.0,10.0,0.0,0.2,0.4,5.540365853658537,5.577439024390244,2.6530487804878047,7.515030059819036
137,jeff skinner,LW,32.7,14,EDM,3000000.0,UFA,1374.38,35.0,30.0,432.0,34.25,46.0,41.0,19.5,3.3,6.3,1183.68,24.0,13.0,412.0,22.62,33.0,37.0,1.2,0.2,0.4,612.03,10.0,8.0,187.0,11.69,27.0,12.0,-1.5,-0.3,-0.5,5.586910569105692,4.811707317073171,2.487926829268293,3.607214428713138
138,jesper boqvist,C,26.2,4,FLA,775000.0,UFA,812.4,10.0,4.0,135.0,9.22,28.0,22.0,6.0,1.0,2.0,524.05,6.0,5.0,75.0,4.34,11.0,14.0,5.1,0.8,1.6,700.9,12.0,5.0,114.0,7.79,22.0,12.0,2.0,0.1,0.3,3.302439024390244,2.1302845528455285,2.849186991869918,0.9318637274175604
139,jesper fast,RW,33.1,11,CAR,2400000.0,UFA,1178.52,10.0,6.0,152.0,14.18,27.0,24.0,5.5,0.9,1.8,920.13,6.0,9.0,134.0,12.96,16.0,25.0,0.9,0.1,0.3,0.0,0.0,0.0,0.0,0.0,0.0,0.0,0.0,0.0,0.0,4.790731707317073,3.740365853658537,0.0,2.88577154297051
140,jesse puljujarvi,RW,26.7,6,PIT,800000.0,UFA,1834.78,10.0,12.0,454.0,27.16,40.0,48.0,-5.6,-0.7999999999999999,-1.8,808.72,12.0,4.0,188.0,12.52,24.0,24.0,7.6,1.2,2.4,1206.52,12.0,8.0,336.0,17.2,44.0,12.0,-0.5,0.0,-0.4,7.458455284552846,3.287479674796748,4.904552845528455,0.9619238476568368
141,jimmy vesey,LW,31.7,7,NYR,800000.0,UFA,1102.45,11.0,7.0,206.0,16.38,29.0,56.0,7.2,1.2,2.3,990.15,13.0,7.0,208.0,16.87,18.0,36.0,2.1,0.3,0.7,310.65,3.0,1.0,58.0,2.55,19.0,5.0,-2.1,0.1,0.1,4.48150406504065,4.025,1.2628048780487804,0.9619238476568368
142,joe snively,LW,29.0,1,DET,775000.0,UFA,151.15,2.0,2.0,23.0,1.53,5.0,4.0,3.0,0.5,1.0,0.0,0.0,0.0,0.0,0.0,0.0,0.0,0.0,0.0,0.0,0.0,0.0,0.0,0.0,0.0,0.0,0.0,0.0,0.0,0.0,0.6144308943089432,0.0,0.0,0.9318637274175604
143,joel armia,RW,32.6,9,MTL,3400000.0,UFA,642.68,7.0,3.0,126.0,8.96,13.0,18.0,-8.9,-1.5,-2.9,1026.4,17.0,5.0,222.0,12.46,34.0,30.0,9.7,1.6,3.1,818.7,10.0,11.0,185.0,10.39,29.0,15.0,-2.6,-0.1,-0.1,2.612520325203252,4.172357723577236,3.328048780487805,4.088176352541556
144,joel hanley,D,33.6,9,CGY,787500.0,UFA,1210.0,0.0,4.0,124.0,2.08,28.0,12.0,7.6,1.2,2.4,1167.2,2.0,4.0,132.0,2.0,22.0,4.0,0.1999999999999993,0.0,0.0,1822.48,0.0,4.0,228.0,2.4,116.0,16.0,7.9,2.4,4.8,4.91869918699187,4.744715447154472,7.408455284552845,0.9468937875371988
145,joel kiviranta,LW,28.8,4,COL,775000.0,UFA,850.8,8.0,0.0,144.0,10.73,13.0,29.0,-6.4,-1.1,-2.1,551.0,3.0,3.0,78.0,5.74,7.0,19.0,1.6,0.3,0.5,729.57,11.0,3.0,118.0,9.18,25.0,13.0,5.5,0.6,1.2,3.458536585365853,2.239837398373984,2.9657317073170733,0.9318637274175604
146,john beecher,C,23.8,1,BOS,925000.0,RFA,0.0,0.0,0.0,0.0,0.0,0.0,0.0,0.0,0.0,0.0,552.43,7.0,3.0,57.0,4.98,8.0,13.0,-0.2,0.0,-0.1,620.12,3.0,5.0,73.0,6.06,35.0,11.0,0.9,0.2,0.4,0.0,2.245650406504065,2.520813008130081,1.1122244488532174
147,john hayden,C,29.9,7,SEA,775000.0,UFA,55.38,2.0,0.0,19.0,1.03,1.0,0.0,-0.7,-0.1,-0.2,0.0,0.0,0.0,0.0,0.0,0.0,0.0,0.0,0.0,0.0,56.13,1.0,1.0,13.0,1.06,1.0,0.0,0.2,0.1,0.2,0.2251219512195121,0.0,0.228170731707317,0.9318637274175604
148,john klingberg,D,32.4,9,EDM,1746667.0,UFA,2763.9,20.0,30.0,544.0,13.36,92.0,44.0,-15.4,-2.6,-5.0,1150.88,0.0,12.0,208.0,3.0,48.0,28.0,-17.6,-2.8,-5.6,346.92,0.0,0.0,44.0,0.4,24.0,4.0,-0.4,0.0,0.4,11.235365853658536,4.678373983739838,1.4102439024390243,2.10020080151903
149,john ludvig,D,24.4,1,COL,775000.0,RFA,0.0,0.0,0.0,0.0,0.0,0.0,0.0,0.0,0.0,0.0,389.6,3.0,1.0,53.0,1.13,9.0,3.0,1.0,0.2,0.3,103.6,0.0,0.0,13.0,0.3,5.0,1.0,-2.9,-0.5,-0.9,0.0,1.5837398373983742,0.4211382113821137,0.9318637274175604
150,john tavares,C,34.3,14,TOR,11000000.0,UFA,1412.52,36.0,27.0,464.0,46.51,54.0,46.0,10.3,1.7,3.3,1429.2,29.0,18.0,484.0,45.05,51.0,37.0,8.3,1.4,2.6,878.83,21.0,14.0,218.0,22.31,45.0,15.0,17.6,1.9,3.7,5.741951219512195,5.809756097560976,3.572479674796748,13.226452905281503
151,johnathan kovacevic,D,27.5,2,NJD,766667.0,UFA,1341.3,3.0,6.0,204.0,4.49,90.0,36.0,12.0,2.0,3.9,1024.13,6.0,4.0,150.0,3.08,50.0,9.0,5.6,0.9,1.8,1119.5,1.0,8.0,153.0,2.55,68.0,24.0,9.1,1.3,2.6,5.452439024390244,4.163130081300814,4.550813008130081,0.9218440881394052
152,jon merrill,,32.9,10,MIN,1200000.0,UFA,1105.58,2.0,5.0,99.0,1.86,14.0,18.0,0.6,0.1,0.2,830.73,4.0,4.0,92.0,2.38,12.0,8.0,0.7,0.1,0.2,692.15,1.0,2.0,75.0,1.09,45.0,8.0,4.2,0.3,0.6,4.494227642276423,3.376951219512196,2.8136178861788617,1.442885771485255
153,jonas rondbjerg,RW,25.8,1,VGK,766667.0,RFA,132.22,0.0,1.0,24.0,1.06,1.0,8.0,-1.0,-0.2,-0.3,225.53,1.0,2.0,40.0,3.45,2.0,10.0,-1.7,-0.3,-0.5,106.13,0.0,0.0,16.0,0.64,1.0,3.0,-1.0,-0.2,-0.3,0.537479674796748,0.9167886178861788,0.4314227642276422,0.9218440881394052
154,jonatan berggren,RW,24.5,1,DET,825000.0,RFA,901.82,15.0,9.0,158.0,10.07,26.0,16.0,2.9,0.5,0.9,130.33,2.0,1.0,23.0,1.35,0.0,3.0,2.6,0.4,0.8,693.87,9.0,6.0,139.0,7.69,20.0,9.0,0.9,0.2,0.3,3.6659349593495936,0.5297967479674797,2.8206097560975607,0.9919839678961128
155,jonathan drouin,LW,29.8,10,COL,2500000.0,UFA,864.67,2.0,14.0,125.0,8.27,19.0,31.0,-4.2,-0.7,-1.4,1436.63,19.0,19.0,249.0,15.97,30.0,38.0,15.4,2.5,4.9,468.22,6.0,7.0,62.0,4.82,22.0,11.0,8.9,1.1,2.0,3.514918699186992,5.839959349593497,1.903333333333333,3.0060120239276147
156,joona koppanen,LW,26.9,1,PIT,775000.0,UFA,54.13,0.0,0.0,4.0,0.12,3.0,4.0,-0.3,-0.1,-0.1,0.0,0.0,0.0,0.0,0.0,0.0,0.0,0.0,0.0,0.0,0.0,0.0,0.0,0.0,0.0,0.0,0.0,0.2,0.0,0.0,0.220040650406504,0.0,0.0,0.9318637274175604
157,jordan greenway,LW,27.9,7,BUF,3000000.0,UFA,1674.6,12.0,4.0,380.0,24.64,26.0,24.0,6.8,1.0,2.2,4622.88,40.0,40.0,792.0,48.84,84.0,120.0,8.4,1.6,2.8,1273.92,12.0,12.0,216.0,13.76,32.0,20.0,1.4,2.8,5.6,6.807317073170732,18.79219512195122,5.178536585365854,3.607214428713138
158,jordan harris,D,24.5,2,CBJ,1400000.0,RFA,1212.4,4.0,5.0,158.0,3.86,29.0,18.0,8.5,1.4,2.7,978.43,3.0,6.0,97.0,1.54,22.0,13.0,1.8,0.3,0.6,322.32,1.0,2.0,31.0,0.43,14.0,3.0,-1.3,-0.3,-0.6,4.928455284552847,3.977357723577236,1.3102439024390244,1.6833667333994642
159,julien gauthier,RW,27.2,4,NYI,787500.0,UFA,984.32,18.0,6.0,188.0,11.6,20.0,26.0,3.4,0.6,1.0,1098.32,20.0,8.0,232.0,13.2,20.0,12.0,-5.2,-0.8,-1.6,0.0,0.0,0.0,0.0,0.0,0.0,0.0,0.0,0.0,0.0,4.00130081300813,4.464715447154472,0.0,0.9468937875371988
160,justin bailey,RW,29.5,2,ANA,775000.0,UFA,0.0,0.0,0.0,0.0,0.0,0.0,0.0,0.0,0.0,0.0,665.58,5.0,6.0,142.0,5.91,10.0,20.0,8.8,1.4,2.8,0.0,0.0,0.0,0.0,0.0,0.0,0.0,0.0,0.0,0.0,0.0,2.705609756097561,0.0,0.9318637274175604
161,justin brazeau,RW,26.9,1,BOS,775000.0,UFA,0.0,0.0,0.0,0.0,0.0,0.0,0.0,0.0,0.0,0.0,211.23,5.0,1.0,47.0,4.52,3.0,3.0,4.2,0.7,1.3,692.28,10.0,8.0,127.0,11.9,32.0,9.0,-2.5,0.2,0.4,0.0,0.8586585365853658,2.8141463414634145,0.9318637274175604
162,justin danforth,RW,31.8,3,CBJ,1100000.0,UFA,80.33,2.0,1.0,20.0,2.06,1.0,1.0,0.5,0.1,0.2,1013.43,10.0,8.0,175.0,14.32,12.0,27.0,5.7,0.9,1.8,520.67,5.0,3.0,86.0,7.61,12.0,5.0,-2.8,-0.1,-0.3,0.3265447154471544,4.119634146341463,2.116544715447154,1.3226452905281505
163,justin kirkland,LW,28.4,1,CGY,775000.0,UFA,50.5,0.0,0.0,14.0,0.47,0.0,0.0,0.5,0.1,0.2,0.0,0.0,0.0,0.0,0.0,0.0,0.0,0.0,0.0,0.0,203.72,2.0,4.0,23.0,1.27,8.0,3.0,3.4,0.6,1.2,0.2052845528455284,0.0,0.828130081300813,0.9318637274175604
164,juuso parssinen,C,23.9,1,COL,775000.0,RFA,2580.0,24.0,36.0,368.0,33.08,68.0,104.0,20.0,3.2,6.4,2569.52,32.0,0.0,380.0,38.56,60.0,64.0,-20.4,-3.2,-6.4,748.1,8.0,8.0,94.0,6.199999999999999,28.0,4.0,-2.4000000000000004,-0.1999999999999999,-0.4000000000000001,10.48780487804878,10.44520325203252,3.0410569105691057,0.9318637274175604
165,k'andre miller,D,25.0,3,NYR,3872000.0,RFA,1734.58,9.0,14.0,240.0,6.99,68.0,61.0,7.8,1.3,2.5,1724.98,8.0,5.0,241.0,8.25,34.0,57.0,5.9,1.0,1.9,1072.45,4.0,6.0,172.0,4.06,59.0,39.0,3.3,0.5,1.0,7.0511382113821135,7.012113821138212,4.359552845528455,4.655711422659089
166,kaapo kakko,RW,23.9,4,SEA,2400000.0,RFA,5020.68,72.0,56.0,904.0,66.28,120.0,188.0,36.4,6.0,11.6,3240.12,52.0,16.0,680.0,33.44,64.0,68.0,-11.2,-2.0,-3.6,1640.86,18.0,32.0,318.0,19.62,78.0,26.0,1.7999999999999998,1.4,2.4000000000000004,20.409268292682928,13.17121951219512,6.670162601626017,2.88577154297051
167,kailer yamamoto,C,26.2,6,UTA,775000.0,RFA,961.53,10.0,7.0,138.0,15.52,17.0,45.0,6.1,1.0,2.0,707.5,8.0,4.0,108.0,9.62,6.0,25.0,0.6,0.1,0.2,0.0,0.0,0.0,0.0,0.0,0.0,0.0,0.4,0.0,0.0,3.908658536585366,2.8760162601626016,0.0,0.9318637274175604
168,kale clague,D,26.6,4,BUF,775000.0,UFA,498.43,0.0,0.0,51.0,1.16,12.0,7.0,0.2,0.0,0.1,0.0,0.0,0.0,0.0,0.0,0.0,0.0,0.0,0.0,0.0,0.0,0.0,0.0,0.0,0.0,0.0,0.0,0.0,0.0,0.0,2.0261382113821136,0.0,0.0,0.9318637274175604
169,kasperi kapanen,RW,28.5,8,EDM,1000000.0,UFA,7225.200000000001,120.0,112.0,1400.0,76.24000000000001,160.0,136.0,-7.2,-0.8,-2.4000000000000004,16800.8,96.0,176.0,2960.0,159.52,256.0,592.0,-46.4,-8.0,-14.4,3875.12,48.0,24.0,672.0,31.2,200.0,32.0,-1.5,2.4,4.8,29.37073170731708,68.2959349593496,15.752520325203252,1.202404809571046
170,kevin bahl,D,24.6,3,CGY,1050000.0,RFA,588.85,2.0,2.0,79.0,1.19,12.0,8.0,0.8,0.1,0.3,1426.52,1.0,5.0,166.0,2.37,24.0,19.0,8.5,1.4,2.7,1001.15,2.0,8.0,144.0,2.87,58.0,16.0,-1.2,-0.2,-0.3,2.3936991869918702,5.798861788617886,4.069715447154471,1.2625250500495984
171,kevin labanc,RW,29.1,7,CBJ,775000.0,UFA,1031.48,15.0,13.0,251.0,10.99,26.0,37.0,3.3,0.6,1.1,534.62,2.0,4.0,115.0,5.38,10.0,5.0,-4.8,-0.8,-1.5,356.82,2.0,2.0,93.0,2.38,14.0,6.0,2.7,0.4,0.8,4.193008130081301,2.1732520325203253,1.4504878048780487,0.9318637274175604
172,kevin rooney,C,31.7,7,CGY,1300000.0,UFA,150.67,0.0,1.0,27.0,2.12,3.0,4.0,0.5,0.1,0.2,370.12,3.0,0.0,45.0,3.28,9.0,8.0,2.2,0.4,0.7,411.03,3.0,0.0,62.0,3.84,18.0,5.0,5.8,0.3,0.5,0.6124796747967479,1.5045528455284554,1.6708536585365852,1.5631262524423597
173,kieffer bellows,LW,26.6,4,NSH,775000.0,UFA,264.07,3.0,0.0,61.0,2.38,7.0,5.0,-1.1,-0.2,-0.3,0.0,0.0,0.0,0.0,0.0,0.0,0.0,0.0,0.0,0.0,0.0,0.0,0.0,0.0,0.0,0.0,0.0,-1.6,0.0,0.0,1.0734552845528451,0.0,0.0,0.9318637274175604
174,klim kostin,RW,25.7,5,SJS,2000000.0,RFA,2293.52,44.0,28.0,416.0,25.88,64.0,48.0,26.8,4.4,8.8,1134.56,16.0,8.0,176.0,9.079999999999998,30.0,18.0,1.7999999999999998,0.4,0.6000000000000001,1094.88,4.0,4.0,152.0,10.08,92.0,8.0,-3.6,-2.8,-5.2,9.323252032520326,4.612032520325203,4.450731707317074,2.404809619142092
175,kyle palmieri,,33.9,13,NYI,5000000.0,UFA,940.42,16.0,12.0,239.0,16.03,20.0,13.0,6.0,1.0,1.9,1411.08,30.0,10.0,385.0,35.28,37.0,21.0,6.7,1.1,2.1,1003.52,16.0,11.0,217.0,12.83,28.0,15.0,2.9,0.6,1.2,3.822845528455284,5.736097560975609,4.079349593495936,6.012024047855229
176,lane pederson,C,27.4,3,EDM,775000.0,UFA,644.04,6.0,6.0,90.0,8.36,8.0,10.0,2.2,0.4,0.6000000000000001,0.0,0.0,0.0,0.0,0.0,0.0,0.0,0.0,0.0,0.0,0.0,0.0,0.0,0.0,0.0,0.0,0.0,0.0,0.0,0.0,2.618048780487805,0.0,0.0,0.9318637274175604
177,lars eller,C,35.7,14,WAS,2450000.0,UFA,9940.08,80.0,64.0,2144.0,106.56,288.0,320.0,28.0,4.8,9.6,20946.72,240.0,128.0,4800.0,287.36,592.0,864.0,62.4,9.6,19.2,5774.8,80.0,64.0,1096.0,64.96,224.0,80.0,-0.8,-3.2,-5.6,40.40682926829268,85.14926829268293,23.47479674796748,2.9458917834490626
178,liam foudy,C,24.9,5,NYI,775000.0,RFA,752.35,7.0,6.0,130.0,8.41,7.0,23.0,-1.7,-0.3,-0.5,121.77,0.0,2.0,22.0,0.83,1.0,3.0,1.0,0.2,0.3,0.0,0.0,0.0,0.0,0.0,0.0,0.0,0.0,0.0,0.0,3.0583333333333336,0.4949999999999999,0.0,0.9318637274175604
179,lukas rousek,RW,25.8,1,BUF,775000.0,RFA,0.0,0.0,0.0,0.0,0.0,0.0,0.0,0.0,0.0,0.0,159.42,0.0,1.0,12.0,0.48,0.0,3.0,0.5,0.1,0.1,0.0,0.0,0.0,0.0,0.0,0.0,0.0,0.0,0.0,0.0,0.0,0.6480487804878048,0.0,0.9318637274175604
180,luke evangelista,RW,22.9,1,NSH,925000.0,RFA,397.75,7.0,5.0,78.0,6.22,9.0,15.0,1.4,0.2,0.5,1116.43,16.0,17.0,278.0,18.92,46.0,38.0,10.9,1.8,3.5,529.65,5.0,4.0,124.0,7.02,19.0,10.0,1.6,-0.4,-0.8,1.616869918699187,4.538333333333334,2.1530487804878047,1.1122244488532174
181,luke glendening,,35.8,10,TBL,800000.0,UFA,844.37,3.0,0.0,136.0,7.83,8.0,11.0,-5.8,-1.0,-1.9,942.1,10.0,1.0,111.0,6.97,4.0,11.0,-2.0,-0.3,-0.6,594.38,3.0,3.0,73.0,4.46,11.0,3.0,-3.3,0.0,-0.1,3.43239837398374,3.829674796747968,2.416178861788618,0.9619238476568368
182,luke hughes,D,21.3,1,NJD,1850000.0,RFA,0.0,0.0,0.0,0.0,0.0,0.0,0.0,0.0,0.0,0.0,1760.9,9.0,16.0,401.0,7.4,69.0,42.0,1.1,0.2,0.4,968.97,5.0,9.0,203.0,5.19,52.0,23.0,-2.2,-0.3,-0.6,0.0,7.158130081300813,3.9389024390243903,2.2244488977064347
183,luke kunin,C,27.1,5,SJS,2750000.0,UFA,478.6,5.0,5.0,99.0,6.63,6.0,12.0,0.8,0.1,0.2,1212.03,11.0,7.0,196.0,12.95,15.0,22.0,-12.2,-2.0,-3.9,862.13,11.0,4.0,167.0,13.0,26.0,9.0,-4.2,-0.2,-0.4,1.9455284552845529,4.926951219512195,3.504593495934959,3.306613226320376
184,mac hollowell,D,26.3,1,PIT,775000.0,RFA,77.62,0.0,1.0,6.0,0.09,1.0,3.0,-0.3,-0.1,-0.1,0.0,0.0,0.0,0.0,0.0,0.0,0.0,0.0,0.0,0.0,0.0,0.0,0.0,0.0,0.0,0.0,0.0,0.0,0.0,0.0,0.3155284552845528,0.0,0.0,0.9318637274175604
185,mackenzie entwistle,RW,25.5,4,FLA,775000.0,UFA,786.52,4.0,2.0,108.0,6.45,21.0,15.0,-0.7,-0.1,-0.2,762.93,5.0,2.0,127.0,7.55,12.0,29.0,-6.4,-1.0,-2.0,0.0,0.0,0.0,0.0,0.0,0.0,0.0,0.0,0.0,0.0,3.197235772357723,3.101341463414634,0.0,0.9318637274175604
186,mackenzie maceachern,LW,30.8,5,STL,775000.0,UFA,0.0,0.0,0.0,0.0,0.0,0.0,0.0,0.0,0.0,0.0,62.95,0.0,0.0,6.0,0.2,1.0,2.0,0.5,0.1,0.2,0.0,0.0,0.0,0.0,0.0,0.0,0.0,0.0,0.0,0.0,0.0,0.2558943089430894,0.0,0.9318637274175604
187,mackie samoskevich,RW,22.2,1,FLA,925000.0,RFA,0.0,0.0,0.0,0.0,0.0,0.0,0.0,0.0,0.0,0.0,84.27,0.0,0.0,17.0,0.86,5.0,1.0,-2.1,-0.3,-0.7,561.35,8.0,5.0,158.0,10.44,29.0,8.0,3.9,0.1,0.1,0.0,0.342560975609756,2.281910569105692,1.1122244488532174
188,marat khusnutdinov,C,22.5,1,MIN,1350000.0,RFA,0.0,0.0,0.0,0.0,0.0,0.0,0.0,0.0,0.0,0.0,209.77,1.0,0.0,21.0,1.34,4.0,7.0,-0.1,0.0,0.0,592.28,2.0,3.0,53.0,3.04,27.0,2.0,-4.2,-0.5,-1.0,0.0,0.8527235772357724,2.407642276422764,1.6232464929209118
189,marc del gaizo,D,25.2,1,NSH,775000.0,RFA,0.0,0.0,0.0,0.0,0.0,0.0,0.0,0.0,0.0,0.0,148.15,0.0,0.0,26.0,0.36,4.0,4.0,1.6,0.3,0.5,328.58,0.0,2.0,65.0,1.44,13.0,10.0,6.4,0.0,0.1,0.0,0.6022357723577236,1.335691056910569,0.9318637274175604
190,marco rossi,C,23.3,1,MIN,1775000.0,RFA,237.95,0.0,1.0,28.0,1.53,2.0,5.0,-4.1,-0.7,-1.3,1371.87,21.0,10.0,295.0,21.82,21.0,33.0,3.9,0.6,1.3,1018.57,19.0,16.0,188.0,16.06,37.0,13.0,14.1,2.1,4.0,0.9672764227642277,5.57670731707317,4.140528455284553,2.134268536988606
191,marcus johansson,C,34.2,13,MIN,2000000.0,UFA,2638.38,38.0,34.0,466.0,29.8,62.0,62.0,27.4,4.6,8.8,4957.0,44.0,36.0,988.0,50.88,132.0,104.0,6.0,0.8,2.0,3010.32,20.0,28.0,552.0,30.88,124.0,40.0,1.7,-0.4,-0.8,10.725121951219512,20.15040650406504,12.237073170731708,2.404809619142092
192,mark friedman,D,29.1,4,VAN,775000.0,UFA,332.3,1.0,1.0,65.0,1.62,9.0,5.0,1.9,0.3,0.6,281.35,0.0,0.0,45.0,0.76,3.0,2.0,2.3,0.4,0.7,70.32,0.0,0.0,8.0,0.11,1.0,2.0,-1.0,-0.2,-0.3,1.350813008130081,1.14369918699187,0.2858536585365853,0.9318637274175604
193,mason appleton,C,29.0,5,WPG,2166667.0,UFA,656.78,5.0,6.0,109.0,8.14,11.0,12.0,2.0,0.3,0.6,1315.93,14.0,12.0,241.0,14.73,12.0,24.0,-2.2,-0.4,-0.7,662.68,7.0,6.0,118.0,8.1,23.0,12.0,-0.9,-0.2,-0.3,2.669837398373984,5.349308943089431,2.693821138211382,2.6052108215388694
194,mason lohrei,D,24.0,1,BOS,1050000.0,RFA,0.0,0.0,0.0,0.0,0.0,0.0,0.0,0.0,0.0,0.0,695.27,4.0,3.0,102.0,2.49,29.0,9.0,0.7,0.1,0.2,970.87,3.0,7.0,154.0,2.93,69.0,28.0,5.4,1.0,1.9,0.0,2.82630081300813,3.946626016260163,1.2625250500495984
195,mason mctavish,C,21.9,3,ANA,3425000.0,RFA,1227.82,17.0,18.0,269.0,21.07,32.0,29.0,-1.4,-0.2,-0.4,1041.65,19.0,16.0,262.0,17.82,17.0,23.0,5.5,0.9,1.7,786.98,13.0,7.0,199.0,15.49,30.0,10.0,9.1,0.4,0.8,4.991138211382114,4.234349593495936,3.1991056910569102,4.118236472780832
196,mason shaw,C,26.2,1,WPG,775000.0,RFA,666.13,7.0,5.0,153.0,6.65,18.0,17.0,2.1,0.4,0.7,163.7,1.0,2.0,39.0,1.45,1.0,3.0,1.2,0.2,0.4,0.0,0.0,0.0,0.0,0.0,0.0,0.0,0.0,0.0,0.0,2.7078455284552843,0.6654471544715447,0.0,0.9318637274175604
197,matej blumel,RW,24.6,1,DAL,775000.0,RFA,58.22,1.0,0.0,13.0,0.76,5.0,3.0,-1.1,-0.2,-0.4,0.0,0.0,0.0,0.0,0.0,0.0,0.0,0.0,0.0,0.0,59.03,1.0,0.0,15.0,0.99,2.0,1.0,-0.1,0.0,0.0,0.2366666666666666,0.0,0.2399593495934959,0.9318637274175604
198,mathieu olivier,RW,27.9,5,CBJ,1100000.0,UFA,767.6,5.0,7.0,139.0,8.79,8.0,17.0,-0.3,-0.1,-0.1,609.2,5.0,3.0,93.0,6.65,5.0,10.0,-0.4,-0.1,-0.1,806.63,10.0,1.0,123.0,8.2,33.0,18.0,1.3,-0.6,-1.1,3.1203252032520328,2.4764227642276424,3.278983739837398,1.3226452905281505
199,matt duchene,C,34.0,15,DAL,3000000.0,UFA,1298.67,22.0,18.0,319.0,20.53,60.0,35.0,8.3,1.4,2.7,1341.3,25.0,26.0,347.0,25.18,58.0,36.0,10.2,1.7,3.3,953.68,22.0,17.0,197.0,14.62,47.0,16.0,15.1,1.5,2.9,5.279146341463415,5.452439024390244,3.8767479674796745,3.607214428713138
200,matt kiersted,D,26.8,1,FLA,775000.0,UFA,196.88,1.0,2.0,37.0,0.96,7.0,1.0,2.3,0.4,0.7,0.0,0.0,0.0,0.0,0.0,0.0,0.0,0.0,0.0,0.0,0.0,0.0,0.0,0.0,0.0,0.0,0.0,0.0,0.0,0.0,0.8003252032520326,0.0,0.0,0.9318637274175604
201,matt martin,LW,35.7,14,NYI,775000.0,UFA,902.95,7.0,8.0,163.0,9.36,20.0,15.0,-0.3,-0.1,-0.1,530.82,4.0,3.0,75.0,5.25,11.0,12.0,0.4,0.1,0.1,186.92,0.0,1.0,24.0,1.36,11.0,1.0,-2.2,-0.2,-0.4,3.670528455284553,2.1578048780487804,0.7598373983739837,0.9318637274175604
202,matt nieto,LW,32.2,10,PIT,900000.0,UFA,2191.82,24.0,8.0,348.0,27.840000000000003,44.0,70.0,14.6,2.4,4.8,1021.8,4.0,12.0,108.0,8.4,16.0,16.0,3.2,0.4,1.2,1423.8,4.0,4.0,140.0,6.96,60.0,4.0,-0.1,0.4,1.2,8.909837398373984,4.1536585365853655,5.78780487804878,1.0821643286139413
203,matthew highmore,C,28.9,9,OTT,775000.0,UFA,0.0,0.0,0.0,0.0,0.0,0.0,0.0,0.0,0.0,0.0,53.97,0.0,0.0,6.0,0.5,2.0,0.0,0.3,0.0,0.1,194.77,1.0,2.0,38.0,2.22,5.0,2.0,-2.9,0.3,0.6,0.0,0.219390243902439,0.7917479674796748,0.9318637274175604
204,matthew knies,LW,22.2,1,TOR,925000.0,RFA,0.0,0.0,0.0,0.0,0.0,0.0,0.0,0.0,0.0,0.0,1094.2,15.0,12.0,188.0,14.95,29.0,38.0,6.0,1.0,1.9,940.33,21.0,9.0,161.0,16.71,30.0,9.0,9.8,1.0,1.9,0.0,4.447967479674797,3.822479674796748,1.1122244488532174
205,matthew phillips,C,26.8,1,COL,775000.0,UFA,0.0,0.0,0.0,0.0,0.0,0.0,0.0,0.0,0.0,0.0,281.67,1.0,3.0,37.0,3.5,4.0,4.0,0.6,0.1,0.2,0.0,0.0,0.0,0.0,0.0,0.0,0.0,0.0,0.0,0.0,0.0,1.145,0.0,0.9318637274175604
206,max pacioretty,LW,36.2,13,TOR,1500000.0,UFA,68.22,3.0,0.0,34.0,2.34,2.0,1.0,-0.1,0.0,0.0,678.38,4.0,11.0,186.0,10.1,16.0,14.0,2.6,0.4,0.8,499.42,5.0,4.0,129.0,9.18,27.0,5.0,-3.0,-0.3,-0.6,0.2773170731707317,2.7576422764227644,2.0301626016260164,1.803607214356569
207,max willman,C,29.9,1,NJD,775000.0,UFA,80.67,0.0,0.0,17.0,0.75,0.0,1.0,-1.1,-0.2,-0.4,149.98,3.0,0.0,24.0,1.18,1.0,3.0,-1.3,-0.2,-0.4,0.0,0.0,0.0,0.0,0.0,0.0,0.0,0.0,0.0,0.0,0.3279268292682927,0.6096747967479674,0.0,0.9318637274175604
208,maxence guenette,D,23.8,1,OTT,775000.0,RFA,0.0,0.0,0.0,0.0,0.0,0.0,0.0,0.0,0.0,0.0,96.52,0.0,0.0,21.0,0.23,3.0,1.0,-2.3,-0.4,-0.7,0.0,0.0,0.0,0.0,0.0,0.0,0.0,0.0,0.0,0.0,0.0,0.3923577235772357,0.0,0.9318637274175604
209,maxime lajoie,D,27.2,1,SEA,775000.0,UFA,0.0,0.0,0.0,0.0,0.0,0.0,0.0,0.0,0.0,0.0,89.02,0.0,0.0,8.0,0.01,1.0,3.0,-0.9,-0.1,-0.3,0.0,0.0,0.0,0.0,0.0,0.0,0.0,0.0,0.0,0.0,0.0,0.361869918699187,0.0,0.9318637274175604
210,maxwell crozier,D,24.8,1,TBL,925000.0,RFA,0.0,0.0,0.0,0.0,0.0,0.0,0.0,0.0,0.0,0.0,170.45,0.0,2.0,32.0,0.49,5.0,6.0,2.5,0.4,0.8,83.45,0.0,0.0,20.0,0.49,6.0,0.0,0.3,0.1,0.1,0.0,0.6928861788617886,0.3392276422764227,1.1122244488532174
211,michael carcone,RW,28.7,3,UTA,775000.0,UFA,113.8,2.0,0.0,25.0,1.5,1.0,5.0,2.9,0.5,0.9,834.05,21.0,4.0,223.0,12.31,13.0,11.0,-0.6,-0.1,-0.2,437.53,5.0,2.0,133.0,6.38,26.0,3.0,2.4,0.4,0.7,0.4626016260162601,3.3904471544715444,1.7785772357723575,0.9318637274175604
212,michael eyssimont,C,28.3,2,TBL,800000.0,UFA,1985.07,15.0,15.0,648.0,43.11,45.0,87.0,13.2,2.4,4.199999999999999,8646.48,99.0,63.0,2556.0,115.65,198.0,279.0,53.1,9.0,17.099999999999998,4951.349999999999,36.0,9.0,1404.0,80.55,198.0,45.0,4.0,-0.9,-1.8,8.06939024390244,35.14829268292683,20.12743902439024,0.9619238476568368
213,michael pezzetta,,26.8,2,MTL,812500.0,UFA,587.32,7.0,8.0,115.0,7.36,17.0,4.0,3.0,0.5,1.0,475.53,3.0,6.0,94.0,3.44,17.0,2.0,1.9,0.3,0.6,78.65,0.0,0.0,17.0,1.57,6.0,1.0,1.0,0.0,0.1,2.387479674796748,1.9330487804878047,0.3197154471544716,0.9769539077764748
214,michael sgarbossa,C,32.5,5,WAS,775000.0,UFA,0.0,0.0,0.0,0.0,0.0,0.0,0.0,0.0,0.0,0.0,274.27,4.0,3.0,45.0,3.63,11.0,8.0,1.9,0.3,0.6,0.0,0.0,0.0,0.0,0.0,0.0,0.0,0.0,0.0,0.0,0.0,1.1149186991869915,0.0,0.9318637274175604
215,mikael granlund,C,32.9,11,SJS,5000000.0,UFA,5627.799999999999,40.0,80.0,888.0,77.32,132.0,152.0,-13.2,-2.0,-4.4,11569.6,96.0,192.0,2064.0,128.96,168.0,392.0,41.6,7.2,13.6,4616.16,60.0,108.0,984.0,50.8,244.0,56.0,-5.5,-4.0,-8.0,22.877235772357725,47.03089430894309,18.764878048780485,6.012024047855229
216,mike reilly,D,31.5,8,NYI,1250000.0,UFA,168.3,0.0,0.0,29.0,0.54,4.0,0.0,-0.2,0.0,-0.1,1018.25,6.0,9.0,253.0,4.84,29.0,8.0,6.8,1.1,2.2,173.27,0.0,0.0,38.0,0.9,12.0,1.0,-1.8,-0.3,-0.6,0.6841463414634147,4.139227642276422,0.704349593495935,1.5030060119638071
217,mikko rantanen,RW,28.2,9,CAR,9250000.0,UFA,7288.28,220.0,148.0,2236.0,156.52,180.0,244.0,58.8,10.0,19.2,7329.8,168.0,144.0,2108.0,135.84,172.0,172.0,72.0,12.0,22.8,2441.0,52.0,54.0,652.0,55.44,106.0,52.0,-1.7,2.0,3.8,29.62715447154472,29.795934959349594,9.922764227642276,11.122244488532177
218,milos kelemen,RW,25.5,1,UTA,775000.0,RFA,107.52,1.0,0.0,24.0,1.4,2.0,0.0,-3.1,-0.5,-1.0,76.82,0.0,0.0,12.0,0.53,1.0,1.0,-1.4,-0.2,-0.5,0.0,0.0,0.0,0.0,0.0,0.0,0.0,0.0,0.0,0.0,0.4370731707317073,0.3122764227642276,0.0,0.9318637274175604
219,mitch marner,RW,27.7,7,TOR,10903000.0,UFA,1702.1,30.0,40.0,402.0,21.88,94.0,104.0,22.3,3.8,7.2,1467.85,26.0,40.0,365.0,21.05,60.0,59.0,16.1,2.6,5.1,1163.42,16.0,35.0,283.0,16.75,75.0,39.0,17.4,2.5,4.8,6.91910569105691,5.966869918699187,4.729349593495935,13.109819638753113
220,morgan barron,C,26.1,3,WPG,1350000.0,RFA,926.33,8.0,9.0,183.0,14.91,16.0,19.0,-1.6,-0.3,-0.5,839.75,11.0,3.0,149.0,9.73,10.0,26.0,-1.0,-0.2,-0.3,543.38,5.0,2.0,117.0,9.55,27.0,19.0,0.7,-0.4,-0.7,3.765569105691057,3.4136178861788617,2.2088617886178863,1.6232464929209118
221,morgan frost,C,25.7,4,PHI,210000.0,RFA,5295.2,76.0,56.0,1108.0,74.4,104.0,148.0,14.8,2.4,4.8,4493.08,52.0,84.0,1036.0,70.64,116.0,96.0,26.8,4.4,8.4,1657.94,26.0,10.0,354.0,28.24,80.0,44.0,3.5,1.6,3.2,21.52520325203252,18.264552845528456,6.739593495934959,0.2525050100099196
222,morgan geekie,C,26.5,5,NSH,2000000.0,UFA,721.4,9.0,11.0,131.0,9.51,14.0,29.0,5.3,0.9,1.7,1171.08,17.0,10.0,211.0,13.87,30.0,31.0,7.3,1.2,2.3,831.23,17.0,7.0,202.0,13.83,32.0,22.0,16.7,0.8,1.6,2.932520325203252,4.760487804878048,3.3789837398373983,2.404809619142092
223,nate schmidt,D,33.5,10,FLA,800000.0,UFA,1311.1,7.0,5.0,245.0,5.85,50.0,21.0,-2.0,-0.3,-0.7,1059.42,2.0,4.0,168.0,3.43,26.0,17.0,1.2,0.2,0.4,895.32,4.0,6.0,130.0,2.45,62.0,23.0,8.3,0.9,1.6,5.329674796747967,4.306585365853659,3.6395121951219513,0.9619238476568368
224,nathan bastian,RW,27.1,4,NJD,1350000.0,UFA,534.77,6.0,5.0,102.0,10.66,6.0,11.0,6.6,1.1,2.1,548.83,5.0,3.0,99.0,9.35,5.0,8.0,-2.4,-0.4,-0.7,420.1,3.0,4.0,66.0,6.73,14.0,1.0,0.8,0.0,-0.1,2.173861788617886,2.2310162601626016,1.7077235772357726,1.6232464929209118
225,neal pionk,D,29.4,6,WPG,5875000.0,UFA,1799.07,10.0,7.0,296.0,7.34,51.0,29.0,-5.8,-1.0,-1.9,1707.97,5.0,6.0,307.0,6.74,55.0,34.0,-0.9,-0.2,-0.3,1243.33,8.0,17.0,237.0,4.44,61.0,26.0,7.0,1.2,2.2,7.313292682926829,6.942967479674797,5.054186991869918,7.064128256229894
226,nic dowd,C,34.7,8,WAS,1300000.0,UFA,867.9,13.0,8.0,108.0,8.21,34.0,28.0,9.2,1.6,3.0,972.97,12.0,6.0,103.0,8.99,30.0,46.0,5.8,1.0,1.9,855.95,11.0,4.0,114.0,8.78,31.0,20.0,6.1,0.4,0.8,3.5280487804878047,3.9551626016260166,3.479471544715447,1.5631262524423597
227,nicholas robertson,LW,23.3,1,TOR,875000.0,RFA,163.27,2.0,0.0,48.0,2.49,5.0,7.0,0.8,0.1,0.3,637.08,14.0,7.0,168.0,9.59,18.0,28.0,4.4,0.7,1.4,567.63,8.0,3.0,142.0,6.05,13.0,12.0,2.8,0.5,0.9,0.6636991869918699,2.589756097560976,2.307439024390244,1.0521042083746652
228,nick bjugstad,C,32.5,12,UTA,2100000.0,UFA,2527.14,34.0,14.0,494.0,38.56,62.0,66.0,3.6,0.6000000000000001,1.2,5302.72,88.0,48.0,1188.0,87.92,136.0,128.0,16.8,2.8,5.6,2473.72,20.0,28.0,648.0,36.32,100.0,28.0,0.7,-0.8,-1.2,10.272926829268291,21.55577235772358,10.055772357723576,2.5250501000991967
229,nick cousins,C,31.5,9,OTT,800000.0,UFA,871.02,9.0,8.0,176.0,10.23,18.0,20.0,0.4,0.1,0.1,840.77,7.0,2.0,181.0,11.04,23.0,31.0,-5.1,-0.8,-1.6,558.97,5.0,5.0,116.0,6.75,23.0,5.0,3.5,0.6,1.2,3.540731707317073,3.417764227642276,2.272235772357724,0.9619238476568368
230,nick desimone,D,30.2,1,UTA,775000.0,UFA,0.0,0.0,0.0,0.0,0.0,0.0,0.0,0.0,0.0,0.0,916.7,4.0,2.0,138.0,2.14,26.0,6.0,-1.2000000000000002,-0.1999999999999999,-0.4,868.12,0.0,8.0,132.0,2.16,84.0,20.0,1.1,0.0,0.0,0.0,3.7264227642276415,3.528943089430894,0.9318637274175604
231,nick perbix,,26.6,1,TBL,1125000.0,UFA,1062.35,5.0,10.0,206.0,3.62,28.0,27.0,6.2,1.1,2.0,1313.78,2.0,9.0,151.0,3.22,26.0,29.0,10.7,1.7,3.4,770.8,4.0,4.0,125.0,3.37,48.0,18.0,6.4,0.8,1.5,4.3184959349593495,5.340569105691056,3.1333333333333333,1.3527054107674266
232,nicklas backstrom,C,37.2,16,WAS,9200000.0,UFA,658.27,7.0,8.0,118.0,8.63,22.0,16.0,-2.1,-0.4,-0.7,116.47,0.0,0.0,17.0,1.89,3.0,5.0,-1.6,-0.3,-0.5,0.0,0.0,0.0,0.0,0.0,0.0,0.0,0.0,0.0,0.0,2.6758943089430893,0.4734552845528454,0.0,11.06212424805362
233,nico sturm,C,29.7,5,SJS,2000000.0,UFA,1089.45,14.0,7.0,194.0,12.91,19.0,40.0,2.4,0.4,0.8,923.53,5.0,7.0,133.0,8.79,18.0,21.0,0.4,0.1,0.1,403.63,5.0,4.0,57.0,3.65,15.0,3.0,-0.1,0.1,0.2,4.428658536585366,3.7541869918699184,1.640772357723577,2.404809619142092
234,nicolas aube-kubel,RW,28.7,5,BUF,1500000.0,UFA,1203.3,8.0,6.0,266.0,14.6,36.0,28.0,3.2,0.6,1.0,2929.8,24.0,28.0,548.0,23.4,76.0,128.0,36.4,6.0,11.6,724.2,4.0,4.0,152.0,9.36,44.0,32.0,-0.7,-0.4,-0.8,4.891463414634146,11.909756097560976,2.94390243902439,1.803607214356569
235,nicolas hague,D,26.1,4,VGK,2294150.0,RFA,1465.37,3.0,9.0,248.0,4.77,25.0,19.0,4.5,0.8,1.5,1354.33,2.0,4.0,242.0,3.85,23.0,13.0,3.0,0.5,0.9,720.92,3.0,2.0,119.0,1.88,39.0,14.0,-1.9,-0.3,-0.7,5.956788617886179,5.50540650406504,2.930569105691057,2.758496993877415
236,nikita alexandrov,C,24.3,1,STL,775000.0,RFA,274.77,3.0,3.0,43.0,3.93,4.0,3.0,0.8,0.1,0.2,196.1,0.0,0.0,25.0,1.16,5.0,5.0,0.4,0.1,0.1,0.0,0.0,0.0,0.0,0.0,0.0,0.0,0.0,0.0,0.0,1.1169512195121951,0.7971544715447153,0.0,0.9318637274175604
237,nikita nesterenko,C,23.3,1,ANA,874125.0,RFA,119.6,1.0,0.0,30.0,2.34,3.0,4.0,-1.1,-0.2,-0.3,0.0,0.0,0.0,0.0,0.0,0.0,0.0,0.0,0.0,0.0,66.87,1.0,1.0,13.0,0.78,5.0,0.0,2.3,0.0,0.0,0.4861788617886178,0.0,0.2718292682926829,1.0510521041662904
238,nikolaj ehlers,LW,28.9,8,WPG,6000000.0,UFA,705.12,12.0,15.0,293.0,12.58,23.0,30.0,6.7,1.1,2.2,1301.65,25.0,24.0,495.0,21.44,45.0,37.0,8.1,1.3,2.6,740.92,17.0,23.0,231.0,14.79,37.0,11.0,14.0,2.0,3.8,2.866341463414634,5.291260162601627,3.011869918699187,7.214428857426275
239,nils lundkvist,D,24.5,3,DAL,1250000.0,RFA,978.53,6.0,5.0,195.0,4.48,32.0,6.0,-1.5,-0.3,-0.5,832.27,2.0,11.0,177.0,2.62,20.0,4.0,2.3,0.4,0.7,585.43,0.0,3.0,145.0,1.91,31.0,6.0,-0.9,-0.2,-0.3,3.977764227642276,3.3832113821138208,2.37979674796748,1.5030060119638071
240,noah cates,LW,25.9,2,PHI,2625000.0,RFA,1457.45,13.0,14.0,198.0,16.59,13.0,60.0,10.3,1.7,3.3,813.88,6.0,6.0,157.0,9.71,5.0,33.0,8.5,1.4,2.7,799.28,10.0,7.0,143.0,13.74,16.0,14.0,4.2,0.5,1.0,5.92459349593496,3.3084552845528457,3.2491056910569105,3.1563126251239955
241,noah dobson,D,25.0,4,NYI,4000000.0,RFA,1589.73,13.0,22.0,481.0,10.88,49.0,39.0,4.5,0.8,1.4,1936.93,10.0,35.0,447.0,7.24,62.0,32.0,14.3,2.3,4.5,1103.92,6.0,9.0,297.0,6.33,65.0,28.0,8.4,0.6,1.1,6.462317073170731,7.87369918699187,4.487479674796748,4.809619238284184
242,noah gregor,C,27.0,4,OTT,850000.0,UFA,739.52,10.0,6.0,204.0,12.86,10.0,25.0,-5.1,-0.9,-1.7,718.13,6.0,5.0,193.0,10.56,13.0,16.0,-6.8,-1.1,-2.2,404.75,4.0,2.0,106.0,4.85,13.0,5.0,-7.3,-0.9,-1.7,3.006178861788618,2.9192276422764225,1.6453252032520325,1.022044088135389
243,noah juulsen,D,27.8,1,VAN,775000.0,UFA,179.58,0.0,0.0,18.0,0.23,2.0,3.0,0.5,0.1,0.2,804.3,1.0,3.0,103.0,1.33,17.0,8.0,-0.4,-0.1,-0.1,570.17,0.0,0.0,70.0,0.8,40.0,12.0,-2.9,-0.5,-0.9,0.7300000000000001,3.2695121951219512,2.317764227642276,0.9318637274175604
244,oliver kylington,D,27.7,7,COL,1050000.0,UFA,0.0,0.0,0.0,0.0,0.0,0.0,0.0,0.0,0.0,0.0,569.18,3.0,1.0,105.0,1.88,23.0,13.0,-5.6,-0.9,-1.8,110.78,1.0,1.0,19.0,0.18,7.0,2.0,-1.2000000000000002,-0.2,-0.3,0.0,2.3137398373983737,0.4503252032520325,1.2625250500495984
245,oliver wahlstrom,RW,24.6,3,BOS,1000000.0,RFA,1702.72,28.0,8.0,560.0,23.08,44.0,48.0,18.8,3.2,6.0,1417.0,8.0,12.0,328.0,14.84,40.0,40.0,-11.2,-2.0,-3.6,867.94,6.0,2.0,210.0,8.96,22.0,10.0,-3.9,-1.2,-2.0,6.921626016260163,5.760162601626016,3.528211382113821,1.202404809571046
246,olle lycksell,RW,25.4,1,PHI,787500.0,RFA,84.48,0.0,0.0,6.0,0.37,2.0,1.0,-2.9,-0.5,-0.9,179.03,1.0,3.0,45.0,3.88,3.0,1.0,0.7,0.1,0.2,63.35,0.0,0.0,10.0,0.39,3.0,1.0,-1.2,-0.1,-0.2,0.3434146341463415,0.7277642276422764,0.2575203252032521,0.9468937875371988
247,olli maatta,D,30.4,11,UTA,3000000.0,UFA,5836.52,24.0,32.0,548.0,11.32,152.0,92.0,-6.0,-1.2,-2.0,4623.52,16.0,16.0,492.0,11.68,148.0,60.0,48.8,8.0,15.6,2135.44,4.0,12.0,240.0,6.98,150.0,34.0,5.8,2.0,4.0,23.725691056910573,18.79479674796748,8.680650406504066,3.607214428713138
248,parker wotherspoon,D,27.5,1,BOS,800000.0,UFA,159.92,0.0,0.0,17.0,0.27,1.0,4.0,1.3,0.2,0.4,726.83,0.0,1.0,80.0,0.73,23.0,12.0,0.5,0.1,0.2,535.1,1.0,1.0,60.0,0.86,44.0,11.0,2.6,-0.2,-0.4,0.6500813008130081,2.95459349593496,2.1752032520325204,0.9619238476568368
249,patrick brown,LW,32.6,7,BOS,800000.0,UFA,1388.08,8.0,8.0,244.0,11.72,26.0,18.0,5.8,1.0,1.8,388.32,0.0,0.0,56.0,2.52,4.0,0.0,0.0,0.0,0.0,0.0,0.0,0.0,0.0,0.0,0.0,0.0,-3.0,0.0,0.0,5.64260162601626,1.5785365853658535,0.0,0.9619238476568368
250,patrick kane,RW,36.2,16,DET,4000000.0,UFA,2819.42,42.0,40.0,742.0,38.58,122.0,62.0,-3.0,-0.3999999999999999,-1.0,3674.8,80.0,72.0,1064.0,57.32,120.0,56.0,21.6,3.6,6.8,3132.28,48.0,40.0,808.0,41.8,196.0,40.0,0.0,-0.4,-0.8,11.461056910569106,14.938211382113822,12.732845528455286,4.809619238284184
251,patrick maroon,LW,36.8,12,CHI,1300000.0,UFA,828.03,5.0,4.0,122.0,9.17,19.0,26.0,-6.1,-1.0,-2.0,625.7,4.0,7.0,102.0,5.48,17.0,14.0,1.0,0.2,0.3,567.32,3.0,8.0,93.0,6.78,26.0,3.0,-3.2,-0.3,-0.6,3.3659756097560973,2.5434959349593496,2.306178861788618,1.5631262524423597
252,philip tomasino,C,23.5,1,PIT,825000.0,RFA,1933.68,20.0,40.0,408.0,23.6,60.0,40.0,12.0,2.0,4.0,2062.12,28.0,28.0,448.0,27.48,112.0,64.0,-0.4,0.0,0.0,1001.8,14.0,8.0,210.0,13.9,36.0,14.0,2.8,1.6,3.4000000000000004,7.8604878048780495,8.38260162601626,4.072357723577236,0.9919839678961128
253,philipp kurashev,C,25.2,4,CHI,2250000.0,RFA,1219.22,9.0,11.0,209.0,13.61,23.0,42.0,-2.3,-0.4,-0.7,1426.43,18.0,26.0,280.0,16.2,28.0,43.0,2.3,0.4,0.7,549.6,4.0,1.0,86.0,4.51,24.0,13.0,-2.1,-0.6,-1.2,4.956178861788619,5.79849593495935,2.234146341463415,2.705410821534853
254,phillip di giuseppe,LW,31.2,7,VAN,775000.0,UFA,437.15,6.0,3.0,99.0,7.1,5.0,10.0,2.6,0.4,0.8,616.87,5.0,3.0,96.0,5.99,3.0,6.0,-8.4,-1.4,-2.7,231.3,1.0,2.0,38.0,1.89,4.0,1.0,0.7,0.1,0.1,1.777032520325203,2.5076016260162604,0.9402439024390244,0.9318637274175604
255,pierre-olivier joseph,D,25.5,3,PIT,950000.0,RFA,4574.72,20.0,36.0,884.0,16.2,132.0,152.0,24.0,4.0,7.6,3137.6,8.0,20.0,448.0,4.84,80.0,88.0,-3.2,-0.4,-0.8,1302.04,0.0,4.0,212.0,2.6,92.0,38.0,-9.4,-2.6,-5.0,18.596422764227643,12.754471544715445,5.292845528455285,1.1422845690924937
256,pius suter,C,28.7,3,VAN,1600000.0,UFA,1110.88,14.0,7.0,178.0,12.67,15.0,31.0,6.2,1.1,2.0,1038.17,14.0,9.0,190.0,15.41,7.0,31.0,10.6,1.7,3.4,889.7,14.0,7.0,155.0,11.35,25.0,15.0,10.3,1.2,2.4,4.515772357723578,4.220203252032521,3.616666666666666,1.9238476953136727
257,pontus holmberg,RW,25.8,1,TOR,800000.0,RFA,385.53,5.0,6.0,49.0,2.91,13.0,7.0,2.9,0.5,0.9,624.7,7.0,6.0,97.0,6.66,10.0,14.0,7.8,1.3,2.5,564.55,2.0,2.0,95.0,5.33,18.0,5.0,3.4,-0.7,-1.3,1.5671951219512192,2.539430894308943,2.2949186991869914,0.9619238476568368
258,radek faksa,C,31.0,9,STL,3250000.0,UFA,1111.37,11.0,6.0,141.0,12.7,18.0,26.0,5.6,1.0,1.8,926.15,7.0,10.0,155.0,11.97,19.0,29.0,2.1,0.3,0.7,573.45,3.0,6.0,95.0,3.44,16.0,7.0,-0.3,-0.3,-0.5,4.517764227642275,3.764837398373984,2.33109756097561,3.9078156311058994
259,rafael harvey-pinard,LW,26.0,1,MTL,1100000.0,RFA,585.8,14.0,4.0,98.0,11.23,17.0,11.0,8.3,1.4,2.7,568.7,2.0,7.0,60.0,5.46,13.0,5.0,1.8,0.3,0.6,0.0,0.0,0.0,0.0,0.0,0.0,0.0,0.0,0.0,0.0,2.38130081300813,2.311788617886179,0.0,1.3226452905281505
260,raphael lavoie,C,24.3,1,VGK,775000.0,RFA,0.0,0.0,0.0,0.0,0.0,0.0,0.0,0.0,0.0,0.0,51.0,0.0,0.0,9.0,0.36,0.0,1.0,-1.8,-0.3,-0.6,0.0,0.0,0.0,0.0,0.0,0.0,0.0,-1.1,0.0,0.0,0.0,0.2073170731707317,0.0,0.9318637274175604
261,rasmus asplund,C,27.1,4,FLA,775000.0,RFA,1008.54,4.0,4.0,152.0,10.76,8.0,16.0,-2.0000000000000004,-0.4,-0.6000000000000001,0.0,0.0,0.0,0.0,0.0,0.0,0.0,0.0,0.0,0.0,0.0,0.0,0.0,0.0,0.0,0.0,0.0,0.0,0.0,0.0,4.099756097560976,0.0,0.0,0.9318637274175604
262,rasmus kupari,C,24.8,3,WPG,1000000.0,RFA,666.38,3.0,8.0,95.0,5.4,12.0,16.0,2.6,0.4,0.8,255.95,0.0,1.0,49.0,2.31,5.0,6.0,-0.8,-0.1,-0.3,546.65,5.0,2.0,85.0,5.12,25.0,9.0,-3.1,-0.4,-0.8,2.7088617886178863,1.0404471544715446,2.222154471544715,1.202404809571046
263,reese johnson,RW,26.5,4,MIN,775000.0,RFA,627.65,4.0,1.0,90.0,6.22,7.0,13.0,-1.3,-0.2,-0.4,459.18,2.0,0.0,88.0,4.73,9.0,7.0,-0.2,0.0,-0.1,0.0,0.0,0.0,0.0,0.0,0.0,0.0,0.0,0.0,0.0,2.551422764227642,1.8665853658536584,0.0,0.9318637274175604
264,reilly smith,RW,33.8,12,NYR,5000000.0,UFA,1323.63,26.0,17.0,312.0,22.61,38.0,30.0,7.9,1.3,2.5,1226.17,13.0,17.0,272.0,21.34,38.0,36.0,7.9,1.3,2.5,844.52,10.0,8.0,144.0,11.95,47.0,18.0,7.899999999999999,0.7,1.3,5.380609756097562,4.984430894308944,3.4330081300813005,6.012024047855229
265,riley stillman,D,26.8,5,CAR,775000.0,UFA,1464.2399999999998,2.0,4.0,210.0,3.1,28.0,12.0,-7.200000000000001,-1.2,-2.4,0.0,0.0,0.0,0.0,0.0,0.0,0.0,0.0,0.0,0.0,0.0,0.0,0.0,0.0,0.0,0.0,0.0,0.0,0.0,0.0,5.952195121951219,0.0,0.0,0.9318637274175604
266,riley tufte,LW,26.8,1,BOS,775000.0,UFA,0.0,0.0,0.0,0.0,0.0,0.0,0.0,0.0,0.0,0.0,55.6,1.0,0.0,11.0,0.64,1.0,2.0,-0.8,-0.1,-0.3,0.0,0.0,0.0,0.0,0.0,0.0,0.0,-1.2,0.0,0.0,0.0,0.2260162601626016,0.0,0.9318637274175604
267,robby fabbri,C,29.0,9,ANA,4000000.0,UFA,447.93,7.0,5.0,65.0,6.46,12.0,6.0,-1.1,-0.2,-0.3,875.05,18.0,6.0,164.0,15.68,20.0,16.0,-0.1,0.0,0.0,673.3,8.0,6.0,102.0,6.93,30.0,12.0,-14.0,-1.8,-3.4,1.820853658536585,3.5571138211382114,2.736991869918699,4.809619238284184
268,robert bortuzzo,D,35.8,12,UTA,775000.0,UFA,540.9,2.0,2.0,59.0,1.5,12.0,7.0,0.0,0.0,0.0,330.05,0.0,0.0,24.0,0.71,4.0,2.0,-3.9,-0.6,-1.2,174.18,0.0,1.0,16.0,0.45,17.0,0.0,0.7,0.1,0.2,2.198780487804878,1.3416666666666668,0.7080487804878048,0.9318637274175604
269,robert hagg,D,29.9,7,VGK,775000.0,UFA,590.0,2.0,4.0,82.0,2.07,14.0,4.0,0.2,0.0,0.0,63.92,0.0,0.0,11.0,0.16,3.0,0.0,-2.0,-0.3,-0.6,0.0,0.0,0.0,0.0,0.0,0.0,0.0,0.0,0.0,0.0,2.398373983739837,0.2598373983739838,0.0,0.9318637274175604
270,ryan donato,,28.8,7,CHI,2000000.0,UFA,799.23,14.0,9.0,203.0,12.89,15.0,36.0,3.5,0.6,1.1,1091.83,12.0,12.0,246.0,16.27,25.0,43.0,0.1,0.0,0.0,797.23,19.0,15.0,230.0,13.55,22.0,15.0,6.4,0.8,1.6,3.2489024390243904,4.438333333333333,3.240772357723577,2.404809619142092
271,ryan lindgren,D,26.9,5,NYR,4500000.0,UFA,1187.8,1.0,10.0,159.0,3.57,17.0,13.0,8.4,1.4,2.7,1470.28,3.0,5.0,165.0,3.77,18.0,14.0,3.5,0.6,1.1,993.97,2.0,4.0,133.0,2.45,53.0,9.0,-3.6,-0.5,-0.9,4.828455284552845,5.976747967479675,4.040528455284553,5.410821643069706
272,ryan mcleod,C,25.3,4,BUF,2100000.0,RFA,808.58,11.0,9.0,144.0,10.54,41.0,23.0,2.7,0.5,0.9,1153.63,12.0,15.0,196.0,13.27,48.0,66.0,10.2,1.7,3.2,812.1,12.0,7.0,114.0,7.92,40.0,16.0,11.2,1.1,2.1,3.286910569105691,4.689552845528456,3.301219512195122,2.5250501000991967
273,ryan shea,D,27.9,1,PIT,775000.0,UFA,0.0,0.0,0.0,0.0,0.0,0.0,0.0,0.0,0.0,0.0,391.37,1.0,0.0,36.0,0.46,8.0,8.0,-3.9,-0.6,-1.2,335.93,0.0,2.0,38.0,0.44,21.0,7.0,2.2,0.6,1.1,0.0,1.5909349593495936,1.3655691056910568,0.9318637274175604
274,ryan suter,D,40.0,19,STL,775000.0,UFA,1671.12,3.0,9.0,236.0,4.19,45.0,23.0,3.7,0.6,1.2,1553.07,2.0,7.0,254.0,3.8,30.0,16.0,5.1,0.8,1.6,1147.12,1.0,4.0,116.0,2.08,50.0,13.0,-1.9,0.4,0.7,6.793170731707317,6.3132926829268285,4.663089430894309,0.9318637274175604
275,ryker evans,D,23.1,1,SEA,925000.0,RFA,0.0,0.0,0.0,0.0,0.0,0.0,0.0,0.0,0.0,0.0,690.43,1.0,8.0,102.0,1.92,7.0,7.0,2.6,0.4,0.8,1005.22,5.0,6.0,131.0,2.82,48.0,7.0,2.6,0.5,0.9,0.0,2.806626016260162,4.086260162601626,1.1122244488532174
276,sam bennett,C,28.6,9,FLA,4425000.0,UFA,1096.67,16.0,15.0,320.0,23.93,40.0,38.0,4.9,0.8,1.6,1146.08,20.0,13.0,350.0,24.53,27.0,40.0,9.2,1.5,2.9,940.0,18.0,12.0,308.0,21.09,28.0,19.0,2.6,0.5,1.0,4.458008130081302,4.658861788617886,3.8211382113821135,5.320641282351878
277,sam malinski,D,26.5,1,COL,850000.0,RFA,0.0,0.0,0.0,0.0,0.0,0.0,0.0,0.0,0.0,0.0,327.18,3.0,1.0,74.0,1.13,10.0,8.0,3.9,0.6,1.3,834.77,1.0,3.0,186.0,2.55,51.0,18.0,11.1,0.6,1.2,0.0,1.33,3.393373983739837,1.022044088135389
278,sam steel,C,26.9,6,DAL,1200000.0,UFA,972.37,10.0,7.0,149.0,10.45,22.0,21.0,6.8,1.2,2.2,1019.62,9.0,13.0,161.0,10.62,18.0,28.0,2.3,0.4,0.7,781.7,4.0,8.0,125.0,5.48,27.0,9.0,-0.8,0.1,0.1,3.9527235772357727,4.144796747967479,3.1776422764227643,1.442885771485255
279,samuel bolduc,D,24.1,1,NYI,800000.0,RFA,244.82,2.0,1.0,49.0,0.53,13.0,2.0,-2.0,-0.3,-0.7,446.93,2.0,0.0,76.0,1.09,10.0,2.0,0.2,0.0,0.1,0.0,0.0,0.0,0.0,0.0,0.0,0.0,0.0,0.0,0.0,0.9952032520325202,1.8167886178861787,0.0,0.9619238476568368
280,samuel fagemo,LW,24.8,1,LAK,775000.0,RFA,70.67,2.0,1.0,10.0,0.31,3.0,1.0,-0.7,-0.1,-0.2,0.0,0.0,0.0,0.0,0.0,0.0,0.0,0.0,0.0,0.0,0.0,0.0,0.0,0.0,0.0,0.0,0.0,0.0,0.0,0.0,0.2872764227642276,0.0,0.0,0.9318637274175604
281,samuel walker,C,25.6,1,MIN,775000.0,RFA,95.4,1.0,1.0,11.0,1.51,1.0,2.0,0.8,0.1,0.3,0.0,0.0,0.0,0.0,0.0,0.0,0.0,0.0,0.0,0.0,0.0,0.0,0.0,0.0,0.0,0.0,0.0,0.0,0.0,0.0,0.3878048780487805,0.0,0.0,0.9318637274175604
282,santeri hatakka,D,24.0,1,NJD,775000.0,RFA,0.0,0.0,0.0,0.0,0.0,0.0,0.0,0.0,0.0,0.0,175.75,0.0,0.0,22.0,0.51,6.0,1.0,3.0,0.5,0.9,0.0,0.0,0.0,0.0,0.0,0.0,0.0,0.0,0.0,0.0,0.0,0.714430894308943,0.0,0.9318637274175604
283,scott perunovich,D,26.4,1,NYI,1150000.0,UFA,0.0,0.0,0.0,0.0,0.0,0.0,0.0,0.0,0.0,0.0,3298.72,0.0,40.0,320.0,7.44,64.0,60.0,24.0,4.0,7.6,975.44,4.0,8.0,74.0,1.26,50.0,20.0,7.0,2.0,4.0,0.0,13.409430894308944,3.96520325203252,1.3827655310067026
284,sean farrell,,23.2,1,MTL,1258333.0,RFA,83.23,1.0,0.0,16.0,0.6,2.0,1.0,-2.4,-0.4,-0.8,0.0,0.0,0.0,0.0,0.0,0.0,0.0,0.0,0.0,0.0,0.0,0.0,0.0,0.0,0.0,0.0,0.0,0.0,0.0,0.0,0.3383333333333334,0.0,0.0,1.5130256512419629
285,sean kuraly,C,32.0,8,CBJ,2500000.0,UFA,1070.22,11.0,6.0,183.0,12.38,17.0,30.0,-2.0,-0.3,-0.6,851.58,9.0,7.0,167.0,8.8,16.0,16.0,1.0,0.2,0.3,642.18,4.0,6.0,115.0,5.88,33.0,9.0,1.2,0.5,1.0,4.350487804878049,3.461707317073172,2.6104878048780487,3.0060120239276147
286,shakir mukhamadullin,D,23.0,1,SJS,1325000.0,RFA,0.0,0.0,0.0,0.0,0.0,0.0,0.0,0.0,0.0,0.0,63.47,0.0,1.0,12.0,0.38,2.0,1.0,-0.9,-0.1,-0.3,194.27,1.0,0.0,33.0,0.56,8.0,3.0,1.3,-0.3,-0.6,0.0,0.2580081300813008,0.7897154471544716,1.5931863726816358
287,simon holmstrom,RW,23.7,1,NYI,850000.0,RFA,554.85,6.0,1.0,77.0,4.86,13.0,21.0,-1.1,-0.2,-0.3,998.78,15.0,10.0,152.0,9.6,19.0,53.0,-1.7,-0.3,-0.5,778.15,14.0,10.0,137.0,9.44,31.0,8.0,7.7,0.9,1.6,2.2554878048780487,4.060081300813008,3.163211382113821,1.022044088135389
288,steven lorentz,C,28.8,3,TOR,775000.0,UFA,946.67,10.0,3.0,191.0,14.01,15.0,46.0,-0.4,-0.1,-0.1,333.9,1.0,1.0,63.0,3.62,6.0,13.0,-2.6,-0.4,-0.8,574.97,5.0,3.0,95.0,5.93,18.0,11.0,10.0,1.2,2.3,3.848252032520325,1.3573170731707318,2.337276422764228,0.9318637274175604
289,steven santini,D,29.8,2,TBL,775000.0,UFA,50.03,0.0,1.0,9.0,0.09,4.0,0.0,1.1,0.2,0.4,0.0,0.0,0.0,0.0,0.0,0.0,0.0,0.0,0.0,0.0,0.0,0.0,0.0,0.0,0.0,0.0,0.0,0.0,0.0,0.0,0.2033739837398374,0.0,0.0,0.9318637274175604
290,t.j. oshie,RW,38.1,15,WAS,5750000.0,UFA,969.95,19.0,8.0,228.0,19.16,26.0,44.0,0.9,0.2,0.3,877.12,12.0,5.0,197.0,18.54,16.0,41.0,-4.2,-0.7,-1.3,0.0,0.0,0.0,0.0,0.0,0.0,0.0,0.0,0.0,0.0,3.942886178861789,3.5655284552845528,0.0,6.913827655033514
291,tanner jeannot,LW,27.6,3,LAK,2665000.0,UFA,2166.46,12.0,12.0,380.0,28.04,60.0,58.0,-10.6,-1.6,-3.4000000000000004,2644.0,28.0,8.0,468.0,33.92,60.0,24.0,-2.8,-0.4,-0.8,2273.32,20.0,8.0,368.0,28.76,112.0,8.0,1.2,0.8,1.6,8.806747967479675,10.747967479674797,9.241138211382117,3.2044088175068373
292,tanner pearson,LW,32.4,7,VGK,775000.0,UFA,188.92,1.0,3.0,30.0,2.18,1.0,5.0,-2.8,-0.5,-0.9,698.68,5.0,4.0,140.0,9.15,25.0,15.0,-6.0,-1.0,-1.9,636.98,9.0,6.0,132.0,8.46,30.0,12.0,-5.2,-0.2,-0.3,0.7679674796747967,2.840162601626016,2.5893495934959354,0.9318637274175604
293,taylor hall,LW,33.2,14,CAR,6000000.0,UFA,3886.48,64.0,40.0,1024.0,72.68,164.0,96.0,26.4,4.4,8.4,653.2,8.0,8.0,176.0,7.32,12.0,20.0,-4.4,-0.8,-1.6,1555.84,18.0,22.0,386.0,19.340000000000003,84.0,54.0,0.5999999999999999,0.8,1.6,15.798699186991872,2.6552845528455284,6.324552845528456,7.214428857426275
294,taylor raddysh,RW,26.9,3,WAS,1000000.0,UFA,1292.08,20.0,8.0,224.0,18.99,29.0,33.0,2.3,0.4,0.8,1159.42,5.0,4.0,220.0,13.4,29.0,43.0,-7.6,-1.2,-2.4,682.23,5.0,5.0,120.0,8.37,34.0,9.0,5.4,0.6,1.2,5.252357723577235,4.71308943089431,2.7732926829268294,1.202404809571046
295,thomas bordeleau,C,23.0,1,SJS,874125.0,RFA,121.87,0.0,1.0,23.0,1.06,5.0,5.0,-0.6,-0.1,-0.2,405.68,6.0,3.0,89.0,5.81,5.0,11.0,-1.4,-0.2,-0.4,0.0,0.0,0.0,0.0,0.0,0.0,0.0,0.0,0.0,0.0,0.4954065040650406,1.6491056910569106,0.0,1.0510521041662904
296,tobias bjornfot,D,23.8,3,FLA,775000.0,RFA,142.83,0.0,0.0,20.0,0.26,0.0,0.0,0.6,0.1,0.2,0.0,0.0,0.0,0.0,0.0,0.0,0.0,0.0,0.0,0.0,107.2,0.0,0.0,19.0,0.55,2.0,1.0,1.3,0.5,1.0,0.580609756097561,0.0,0.4357723577235772,0.9318637274175604
297,tomas nosek,LW,32.3,8,FLA,775000.0,UFA,828.53,7.0,5.0,113.0,8.1,22.0,20.0,-2.0,-0.3,-0.6,424.95,2.0,4.0,73.0,3.53,7.0,16.0,-5.3,-0.9,-1.7,432.62,1.0,6.0,80.0,5.26,14.0,4.0,1.1,0.4,0.7,3.3680081300813005,1.7274390243902438,1.7586178861788615,0.9318637274175604
298,tomas tatar,LW,34.1,13,NJD,1800000.0,UFA,4958.4,80.0,48.0,1108.0,99.44,140.0,140.0,56.4,9.6,18.0,1743.34,18.0,12.0,318.0,21.04,38.0,38.0,5.0,0.7999999999999999,1.6,2172.0,20.0,16.0,356.0,26.64,112.0,12.0,2.0,1.2,2.4,20.15609756097561,7.086747967479676,8.829268292682926,2.1643286572278826
299,travis boyd,LW,31.3,7,MIN,775000.0,UFA,1355.48,15.0,9.0,168.0,15.63,34.0,35.0,-5.9,-1.0,-1.9,153.88,2.0,4.0,26.0,1.66,3.0,1.0,2.1,0.3,0.7,0.0,0.0,0.0,0.0,0.0,0.0,0.0,0.0,0.0,0.0,5.510081300813009,0.6255284552845528,0.0,0.9318637274175604
300,travis dermott,D,28.1,7,MIN,775000.0,UFA,605.0,4.0,0.0,56.0,2.12,4.0,4.0,-3.6,-0.8,-1.2,3455.88,8.0,0.0,336.0,6.28,28.0,24.0,-28.8,-4.8,-9.2,466.36,0.0,0.0,50.0,0.68,18.0,6.0,-2.9,-1.0,-1.8,2.459349593495935,14.04829268292683,1.8957723577235768,0.9318637274175604
301,travis hamonic,D,34.4,13,OTT,1100000.0,UFA,1392.02,6.0,8.0,277.0,4.37,64.0,22.0,-0.1,0.0,0.0,707.3,2.0,2.0,118.0,1.35,26.0,11.0,-3.1,-0.5,-1.0,776.38,0.0,0.0,144.0,1.81,48.0,14.0,-11.3,-1.1,-2.2,5.658617886178862,2.87520325203252,3.1560162601626014,1.3226452905281505
302,trent frederic,C,26.9,6,BOS,2300000.0,UFA,941.07,17.0,6.0,189.0,13.19,20.0,24.0,10.3,1.7,3.3,1127.98,18.0,14.0,231.0,16.76,28.0,17.0,5.6,0.9,1.8,770.38,8.0,4.0,162.0,9.76,32.0,12.0,-1.9,-0.4,-0.7,3.8254878048780494,4.585284552845528,3.1316260162601623,2.7655310620134053
303,trevor lewis,C,38.0,15,LAK,800000.0,UFA,993.88,9.0,6.0,224.0,11.97,13.0,29.0,-2.3,-0.4,-0.7,954.05,8.0,6.0,211.0,12.6,17.0,15.0,0.9,0.2,0.3,423.12,3.0,2.0,76.0,3.6,13.0,2.0,-5.7,-0.5,-1.0,4.040162601626016,3.878252032520325,1.72,0.9619238476568368
304,trey fix-wolansky,RW,25.7,1,CBJ,775000.0,RFA,116.48,1.0,0.0,34.0,1.99,2.0,2.0,-0.3,-0.1,-0.1,120.87,2.0,1.0,39.0,1.32,2.0,2.0,-0.5,-0.1,-0.2,0.0,0.0,0.0,0.0,0.0,0.0,0.0,0.0,0.0,0.0,0.4734959349593496,0.4913414634146342,0.0,0.9318637274175604
305,ty emberson,D,24.7,1,EDM,950000.0,UFA,0.0,0.0,0.0,0.0,0.0,0.0,0.0,0.0,0.0,0.0,556.48,1.0,3.0,74.0,0.96,8.0,7.0,5.5,0.9,1.7,785.23,0.0,6.0,105.0,1.21,30.0,23.0,7.7,1.2,2.3,0.0,2.2621138211382115,3.191991869918699,1.1422845690924937
306,ty smith,D,24.8,2,CAR,775000.0,RFA,181.82,1.0,2.0,43.0,0.96,5.0,4.0,-0.1,0.0,0.0,0.0,0.0,0.0,0.0,0.0,0.0,0.0,0.0,0.0,0.0,109.32,1.0,1.0,26.0,0.54,3.0,1.0,-0.4,-0.1,-0.1,0.7391056910569105,0.0,0.444390243902439,0.9318637274175604
307,tye kartye,LW,23.7,1,SEA,925000.0,RFA,0.0,0.0,0.0,0.0,0.0,0.0,0.0,0.0,0.0,0.0,911.37,11.0,4.0,224.0,12.7,9.0,24.0,2.2,0.4,0.7,479.92,3.0,1.0,83.0,4.19,19.0,2.0,2.0,0.0,0.0,0.0,3.704756097560976,1.9508943089430888,1.1122244488532174
308,tyler kleven,D,23.0,1,OTT,1125000.0,RFA,117.52,0.0,1.0,24.0,0.35,8.0,2.0,2.2,0.4,0.7,113.85,0.0,1.0,13.0,0.31,5.0,3.0,-0.7,-0.1,-0.2,812.72,2.0,2.0,123.0,1.67,46.0,19.0,0.9,0.2,0.3,0.4777235772357723,0.4628048780487804,3.3037398373983744,1.3527054107674266
309,tyler motte,C,29.8,7,DET,800000.0,UFA,1559.0,16.0,14.0,368.0,25.22,54.0,58.0,0.4000000000000003,0.1999999999999999,0.0,3439.0,24.0,8.0,708.0,30.6,56.0,164.0,-1.2,0.0,-0.4,1376.8,8.0,4.0,320.0,19.32,48.0,52.0,3.2,2.4,4.8,6.33739837398374,13.979674796747968,5.596747967479675,0.9619238476568368
310,tyler tucker,D,24.8,1,STL,800000.0,RFA,380.68,1.0,0.0,54.0,0.44,9.0,4.0,-1.1,-0.2,-0.4,323.73,1.0,1.0,41.0,0.48,6.0,7.0,2.2,0.4,0.7,246.37,2.0,1.0,44.0,0.43,15.0,6.0,-0.5,0.0,0.0,1.547479674796748,1.3159756097560975,1.0015040650406504,0.9619238476568368
311,tyson barrie,D,33.5,12,CGY,1250000.0,UFA,3362.32,26.0,44.0,658.0,18.24,96.0,64.0,-2.8000000000000007,-0.5999999999999999,-0.9999999999999996,3004.12,4.0,36.0,604.0,17.48,72.0,20.0,-9.6,-1.6,-3.2,821.68,4.0,8.0,160.0,2.56,44.0,8.0,-2.0,-1.2,-2.4,13.667967479674797,12.211869918699186,3.3401626016260164,1.5030060119638071
312,tyson foerster,C,23.0,1,PHI,925000.0,RFA,132.4,3.0,4.0,27.0,2.29,1.0,1.0,1.7,0.3,0.6,1329.52,20.0,6.0,320.0,19.04,12.0,36.0,12.3,2.0,3.9,895.5,15.0,6.0,173.0,12.66,23.0,10.0,2.8,0.4,0.8,0.5382113821138211,5.404552845528456,3.640243902439024,1.1122244488532174
313,tyson jost,C,26.8,8,CAR,775000.0,UFA,1880.6,14.0,16.0,348.0,22.84,16.0,48.0,7.399999999999999,1.2000000000000002,2.4000000000000004,1822.52,12.0,8.0,344.0,17.4,12.0,44.0,-10.0,-1.6,-3.2,669.92,8.0,0.0,100.0,7.4,16.0,16.0,0.0,0.0,0.0,7.644715447154471,7.408617886178861,2.723252032520325,0.9318637274175604
314,urho vaakanainen,D,26.0,5,NYR,1100000.0,RFA,1514.12,0.0,4.0,232.0,3.72,40.0,28.0,-20.8,-3.6,-6.8,4753.0,4.0,24.0,600.0,6.68,124.0,52.0,29.6,4.8,9.6,845.6600000000001,2.0,6.0,104.0,2.42,40.0,6.0,2.5,-0.4,-0.6000000000000001,6.154959349593495,19.32113821138212,3.437642276422764,1.3226452905281505
315,victor olofsson,RW,29.5,6,VGK,1075000.0,UFA,1075.98,28.0,8.0,273.0,17.03,22.0,24.0,-0.8,-0.1,-0.3,589.85,7.0,2.0,127.0,5.86,8.0,16.0,-0.3,0.0,-0.1,520.47,11.0,8.0,134.0,6.86,19.0,8.0,10.1,1.3,2.5,4.37390243902439,2.397764227642276,2.115731707317073,1.2925851702888742
316,vinni lettieri,C,29.9,5,BOS,775000.0,UFA,0.0,0.0,0.0,0.0,0.0,0.0,0.0,0.0,0.0,0.0,440.95,5.0,3.0,89.0,5.11,7.0,6.0,0.1,0.0,0.0,96.7,2.0,0.0,26.0,2.89,3.0,3.0,-1.1,-0.1,-0.2,0.0,1.792479674796748,0.393089430894309,0.9318637274175604
317,vladislav gavrikov,D,29.2,4,LAK,5875000.0,UFA,3163.7,12.0,12.0,334.0,12.62,38.0,54.0,2.8,0.4,1.0,6350.88,24.0,20.0,876.0,21.0,168.0,92.0,35.6,6.0,11.2,5119.8,12.0,20.0,720.0,15.88,164.0,72.0,6.9,2.0,4.0,12.860569105691056,25.816585365853665,20.81219512195122,7.064128256229894
318,vladislav namestnikov,,32.2,10,WPG,2000000.0,UFA,1943.64,16.0,16.0,356.0,27.52,22.0,68.0,8.8,1.4,2.8,4513.08,44.0,52.0,728.0,60.12,68.0,64.0,54.0,8.8,17.2,3103.48,40.0,24.0,432.0,48.28,100.0,36.0,4.5,3.2,6.4,7.900975609756098,18.345853658536583,12.61577235772358,2.404809619142092
319,walker duehr,RW,27.2,3,SJS,825000.0,UFA,550.6,14.0,8.0,158.0,6.86,6.0,10.0,5.8,1.0,1.8,649.2,4.0,8.0,124.0,5.62,16.0,6.0,-0.8,-0.2,-0.2,203.14,2.0,1.0,32.0,2.09,12.0,0.0,-1.6,-0.4,-0.8,2.238211382113821,2.6390243902439026,0.8257723577235772,0.9919839678961128
320,will cuylle,LW,22.7,1,NYR,925000.0,RFA,0.0,0.0,0.0,0.0,0.0,0.0,0.0,0.0,0.0,0.0,900.95,13.0,4.0,206.0,13.67,18.0,13.0,3.0,0.5,0.9,813.48,14.0,11.0,176.0,14.6,32.0,9.0,5.8,0.3,0.5,0.0,3.66239837398374,3.306829268292683,1.1122244488532174
321,william borgen,D,28.1,4,NYR,2700000.0,UFA,5363.68,12.0,40.0,668.0,10.88,92.0,56.0,32.8,5.6,10.8,5767.92,12.0,48.0,1032.0,13.52,76.0,64.0,10.4,1.6,3.2,1893.58,6.0,4.0,294.0,3.98,92.0,26.0,-1.7999999999999998,-1.0,-1.7999999999999998,21.80357723577236,23.44682926829268,7.697479674796748,3.246492985841824
322,william lockwood,RW,26.6,1,FLA,775000.0,UFA,133.6,0.0,0.0,20.0,1.17,3.0,4.0,-0.6,-0.1,-0.2,213.17,0.0,0.0,37.0,2.13,4.0,6.0,1.1,0.2,0.3,0.0,0.0,0.0,0.0,0.0,0.0,0.0,0.0,0.0,0.0,0.5430894308943089,0.8665447154471545,0.0,0.9318637274175604
323,wyatt johnston,,21.7,2,DAL,1031250.0,RFA,1269.5,24.0,10.0,281.0,20.08,55.0,47.0,6.5,1.1,2.1,1394.15,32.0,25.0,409.0,30.62,31.0,39.0,11.3,1.9,3.6,1057.55,16.0,21.0,284.0,24.42,35.0,22.0,15.2,1.9,3.7,5.1605691056910565,5.667276422764228,4.298983739837398,1.239979959870141
324,wyatt kaiser,D,22.4,2,CHI,1208333.0,RFA,167.3,0.0,0.0,27.0,1.02,13.0,0.0,-1.5,-0.3,-0.5,554.0,0.0,1.0,57.0,0.57,23.0,7.0,2.1,0.3,0.7,617.98,1.0,1.0,87.0,1.33,39.0,15.0,3.7,0.5,0.9,0.6800813008130082,2.252032520325203,2.5121138211382115,1.4529054107634105
325,yanni gourde,C,33.1,8,SEA,5166667.0,UFA,1387.78,14.0,17.0,244.0,17.75,27.0,65.0,10.4,1.8,3.4,1395.82,11.0,15.0,293.0,21.89,25.0,62.0,1.7,0.3,0.5,544.87,6.0,4.0,83.0,7.26,23.0,11.0,5.9,0.5,1.0,5.641382113821138,5.674065040650406,2.214918699186992,6.212425250252007
326,zac dalpe,,35.2,12,FLA,775000.0,UFA,117.62,2.0,1.0,25.0,0.97,0.0,2.0,0.2,0.0,0.1,0.0,0.0,0.0,0.0,0.0,0.0,0.0,0.0,0.0,0.0,0.0,0.0,0.0,0.0,0.0,0.0,0.0,0.0,0.0,0.0,0.478130081300813,0.0,0.0,0.9318637274175604
327,zach aston-reese,C,30.4,6,CBJ,775000.0,UFA,841.43,10.0,2.0,167.0,10.11,12.0,18.0,-0.3,-0.1,-0.1,0.0,0.0,0.0,0.0,0.0,0.0,0.0,0.0,0.0,0.0,747.32,4.0,5.0,134.0,8.83,26.0,7.0,-2.2,-0.2,-0.4,3.4204471544715447,0.0,3.037886178861789,0.9318637274175604
328,zach sanford,LW,30.2,6,CHI,775000.0,UFA,863.32,8.0,4.0,164.0,11.52,36.0,20.0,4.8,0.8,1.6,628.54,0.0,10.0,108.0,7.439999999999999,12.0,32.0,2.6,0.4,1.0,0.0,0.0,0.0,0.0,0.0,0.0,0.0,0.0,0.0,0.0,3.509430894308943,2.555040650406504,0.0,0.9318637274175604
